,User_ID,User
0,33,Nuunet D.
1,34,vanai sun
2,35,Phonanan Seeon
3,36,Chavakorn Laophetsakunchai
4,37,community man
5,38,Oaddybeing B
6,39,Jarunya Buntherng
7,40,fifi joo
8,41,YUWADEE WANGSANKLANG
9,42,FatAmmy' DN
10,43,LORD BIKERACK
11,44,Notty JK
12,45,Beggar Gang
13,46,Siriwattana Kerdklang
14,47,Mayu _
15,48,Nattha S.
16,49,Pattarin Sritong
17,50,Komsak Sritakhet
18,51,Supaporn Saimongkol
19,52,วรวัชร วงศ์สุธา
20,53,Rahuth comzine
21,54,นานาสาระ? นะ
22,55,Pook lalintip
23,56,Thana Sup
24,57,พรพุทธ บุญยรักษ์โยธิน
25,58,UKhandsome SoSmart
26,59,SolPark WU
27,60,สมประสงค์ ศาลาน้อย
28,61,Gann Kanchanachon
29,62,j2antejr
30,63,รัฐพร รุจิรารังสรรค์
31,64,Parng Parnisara
32,65,Siriwan M.
33,66,Nungruthai Sontiprasat
34,67,Bungfai
35,68,ศรัณย์รัชต์ ไชยวงค์
36,69,ร.ท.เทวินทร์ จารุจิต
37,70,Supharath Sappasan
38,71,ธนกฤต โชติภักดีโภคิน
39,72,panittra boonsawang
40,73,คณิศร เทพอัคศร
41,74,Sunflower P
42,75,Wiriya Unratana
43,76,JEERAPONG PIBANWONG
44,77,Inam Coffee
45,78,ภัทรกุล เอกรักษา
46,79,มังกร ศรคำ
47,80,Siri By bsn
48,81,PUYZA GEAMER
49,82,Anuphong Chaokhonchai
50,83,Chanuwan Chinkomut
51,84,ทศพร พัวเพิ่มพูลศิริ
52,85,Charin Saipatchara
53,86,รังสรรค์ ทับอุไร
54,87,Parichat Kamutchat
55,88,เบิ้ม BMWMCTH
56,89,Kittipong Oonyawong
57,90,อรรณพ ชมภูนุช
58,91,Tanathon Boonla
59,92,Masrine EN
60,93,TRAVEL WITH MEE CHANNEL
61,94,pattariya kampipark
62,95,Allen Richard Yeager
63,96,Weerawat Sawangniwattana
64,97,Jittima Wattarach
65,98,onkanya thani
66,99,supronphet mueangkhot
67,100,ภูวิช สดีวงษ์
68,101,Haruna Tanaka
69,102,Pratthana Wongsiri (Pooh)
70,103,Cloud Shaper
71,104,Non A
72,105,tim c
73,106,Jenny mananya
74,107,virun navatidpanit
75,108,Tunyaporn Kamonvarapitak
76,109,Sasha Abramovich
77,110,IamMink Aksarachaipruk
78,111,Taron Eric
79,112,Soottipong Winyoopradist
80,113,Bankk 789
81,114,"Kiatsrimapatthana Co.,Ltd."
82,115,Francis Fernando
83,116,Mana “มานะ” Amnuaysilp
84,117,Watcharaporn Tarapanya
85,118,Donald Pelletier
86,119,N. Chaisiri
87,120,Taradol H.
88,121,Pathom Sumitratchatanont
89,122,Sunsun T
90,123,Phuripob Srima
91,124,possawee sillapun
92,125,Poranat Lapdecho
93,126,David Shectman
94,127,Amii iiwv
95,128,A T
96,129,bunjong ch
97,130,Onuma Wongsa
98,131,C.H.A.N. VEERAPHATTARAKUL
99,132,Fernando Betzel
100,133,numnoom sitchok
101,134,Melanie Gehrmann
102,135,Kantatep Sojeryah
103,136,Tui Nui
104,137,ซุฑามาศ เอี่ยมอุตมะ
105,138,Surasit Online
106,139,นพรัตน์ กาญจนะวรรธนะ
107,140,roongrut thanabodeethada
108,141,Jirawat P
109,142,chananchida saihom
110,143,อภิเกียรติ ประสงค์
111,144,ປາກເຊແດນງາມ Tubes
112,145,Pongsarin Kocharoen
113,146,Bird Loj
114,147,nipak tan
115,148,Methee P.
116,149,วรารัตน์ ปทุมพงษ์
117,150,Arnan Siriboonpipattana
118,151,Pudis Yonjorhor
119,152,james kittiphak
120,153,ครูเจนสอนว่ายน้ํา อุบลราชธานี
121,154,Minh Tâm Bùi
122,155,Onizuka TheGTO
123,156,Joe Salekt
124,157,Beam Kawasekawa
125,158,สุขนิรันดร์ คืนดี
126,159,Teeraphat Rathahiranrot (Woody)
127,160,autcharaporn boonterm
128,161,Chainarong udonthanivipvan
129,162,สันติชัย วัฒนธรรมศิริ
130,163,Jirayu Singhasa
131,164,NAUGHTY BOY TH
132,165,Jatuporn Phumlamjeak
133,166,kwanz world
134,167,Supanee Kanapat
135,168,Theerawit Kong-ngam
136,169,Sukchai Wi
137,170,ธีรปัญโญ จักษุแพทย์
138,171,e24hfj kwanchanok
139,172,Patrick zhang
140,173,Wilasinee Nilthaweesap
141,174,Hh 55
142,175,Khemmakorn Khamsom
143,176,Coffee Coffee
144,177,Prae T. Mercedes
145,178,Barrett Barr
146,179,SRINAKORN TANGWAI
147,180,Jenwit Sripim
148,181,SPEC TRUM
149,182,CHERRY HEAL
150,183,JEERAPHAT BURANAKIT
151,184,วรปรัชญ์ นามไธสง
152,185,Munshya Saini
153,186,Jirayut Tangmitpracha
154,187,ชิณพล พวงมาลา
155,188,เกียรติศักดิ์ เฟื่อง
156,189,Siriporn Saichalee
157,190,Phongpasut Thepstitsilp
158,191,ณัทกร เบญจรัชต์
159,192,Sumonman San
160,193,Wuttichai Nakpan
161,194,tanat sudasuk
162,153,ครูเจนสอนว่ายน้ํา อุบลราชธานี
163,195,จารย์รัชชานนท์ กรเศษ
164,196,Thanet Boon
165,197,Usawadee Atthaprachong
166,198,Monic Mean
167,199,P. J.
168,200,ศิวนาถ จินารัตน์
169,201,Pat Sena
170,202,Thitichayanuch phoothonyothin
171,203,Thanakorn Thammaruk
172,204,Nutt
173,205,Yingluck Thongpenyai
174,206,ชวน ชม
175,207,Santipong Salakham
176,208,มาโนชย์ อรรถเวทิน
177,209,Vishal Shah
178,210,Nabee Kim
179,36,Chavakorn Laophetsakunchai
180,211,nutti mizz u
181,212,dararat phungpa
182,138,Surasit Online
183,213,Nin Ja
184,214,iimmeee
185,38,Oaddybeing B
186,215,Pitbull Review
187,48,Nattha S.
188,216,Notty PPremt
189,42,FatAmmy' DN
190,217,EYEs
191,218,COACH LEK ASUN
192,219,เกียรติศักดิ์ ปิยภิญโญภาพ
193,220,Ratchapong Nonjun
194,221,Saranpong Hongthong
195,222,Noppon Yacht
196,223,Muat-On Arun
197,224,Thirawat Rawarak
198,225,supanat 19141
199,226,ชินมาน วิกยาธิปัตย์
200,40,fifi joo
201,124,possawee sillapun
202,227,YO NG
203,228,Athipbode Jantuma
204,229,Dumrongruk Joyruksa
205,230,susasin munsudee
206,231,สุธิดา สุโคตร
207,232,Mike Nontharit Maniam
208,179,SRINAKORN TANGWAI
209,233,bankobelisks
210,115,Francis Fernando
211,234,KHONNAKHANG
212,96,Weerawat Sawangniwattana
213,235,suchat saefeng
214,236,Tom. PRANAI Weerayuth
215,237,Sss Mmm
216,238,Suchanan Dinya
217,239,PaozieR Eror GameR
218,240,Air SH
219,164,NAUGHTY BOY TH
220,187,ชิณพล พวงมาลา
221,241,วัชริญา แก้วหยด เลขที่ 1
222,242,Paded Pintuto
223,243,Tee UIZ
224,244,พงศธร จันทรบาตร
225,245,Cojohn Vegas
226,246,jamukung lukjung
227,247,Engine crazy mmtc31
228,248,Pattasia Ja
229,249,Chaiyadeat Bootchaingam
230,250,teerapat chaisavut
231,251,ป้อมเพ็ชร พุ่มสุวรรณ
232,151,Pudis Yonjorhor
233,252,อิน ออน แชแนล
234,253,suphan suphan
235,254,Hasun Tubwang
236,255,Pattra Toopthong
237,36,Chavakorn Laophetsakunchai
238,38,Oaddybeing B
239,256,Duke Chieocharnyont
240,257,Pitchapa2 N
241,258,Gigs Thanapat P.
242,259,Jirapat W.
243,260,Pattarawalai Talungchit
244,35,Phonanan Seeon
245,122,Sunsun T
246,261,คณาธิป ทองคำใส
247,96,Weerawat Sawangniwattana
248,262,Kessy Ivan
249,263,W B
250,264,nitus chookumpang
251,124,possawee sillapun
252,265,Pakorn Wongchalee
253,266,Khanitha Jarupart
254,267,supattra pitukpornpunlop
255,268,Parada Niyamapa
256,269,Sutada Kattajan
257,270,Being Tien
258,73,คณิศร เทพอัคศร
259,271,นราธิป สาครวงศ์วัฒนา
260,272,chunnfriend
261,273,หนึ่งฤทัย ธีระอรรถ
262,274,Thanakorn Suksuan
263,275,Anthony Cogan
264,276,Prat Mingkhwan
265,277,Ohh Boontham
266,278,Danai Dawan
267,279,Jathuphol Saithip (GolfEpiiz)
268,280,Sarin S
269,281,Jureerat Thongpiseth
270,282,Nutcha Meuanchart
271,283,S Wong
272,284,Suparat Laipradidtakorn
273,285,Sittisak official
274,286,ธิดาพร เฮเลน
275,287,thitirat Nganchamung
276,288,Thanawit Kittikosin
277,289,Achara Pichayajittipong
278,290,Patcharin Jongjai
279,291,박선아
280,292,N. Zaytsev
281,151,Pudis Yonjorhor
282,293,ฉัตรชัย แก้วคําปอด
283,164,NAUGHTY BOY TH
284,294,Ju Juju
285,295,Golf Surasak
286,296,สุวิชญา สุนันทนาม
287,297,kradanmai
288,298,Warich Nathtigoon
289,299,MMaaYY KK
290,300,egg phuket
291,229,Dumrongruk Joyruksa
292,301,Patravadi Hamthaisong (Baifern)
293,302,Apichat Chotnaseaw
294,124,possawee sillapun
295,303,Chom Harn
296,304,Achawee Maneepong
297,305,Min Parisara
298,306,Tanapat Leejinda
299,43,LORD BIKERACK
300,307,Ponggun
301,48,Nattha S.
302,308,TinyPayForYou
303,309,Jongjit JTop
304,310,ddd t
305,49,Pattarin Sritong
306,311,Duangporn Wanasinchai
307,312,Kanokwan Klaythim
308,313,aomsup puengkornburee
309,314,yai doney
310,315,apichart wijittunukool
311,42,FatAmmy' DN
312,78,ภัทรกุล เอกรักษา
313,316,วโรชา บัวทอง
314,317,ka tay
315,318,Pongchai Supavita
316,200,ศิวนาถ จินารัตน์
317,319,Sumate Raveepowpong
318,320,Hattakorn Samretdee
319,55,Pook lalintip
320,321,Sirijutamart Popoo
321,322,xjapan paewa
322,323,wichitra sattayakool
323,324,Chaniya M
324,325,Chanakan Chuengmankhong
325,326,METHPIYA KEN
326,58,UKhandsome SoSmart
327,327,soravich premcharoen
328,328,Kiki Kiki
329,329,Pawittra 9426
330,330,Po4p Resly
331,331,Kasamsak Paphusaro
332,332,Siraputson Damnern
333,333,Uncle pond วาไรตี้
334,334,Whitcha Karpkrikaew
335,335,Sohot wara
336,336,Apple kokkhangpuay
337,337,Pisit Tawjunteuc
338,94,pattariya kampipark
339,338,Sakdipong Chaichan
340,339,Charoenchai T.
341,340,Chalarnton Chaisila
342,341,SOMCHAI KRONGSOMBOON
343,342,Phongphet S.
344,343,dante danti
345,344,Kamin Palakanthong
346,345,ณัฐวรรณ คามภีรบุตร
347,346,Suwicha Meesad
348,347,Patchy Y.
349,73,คณิศร เทพอัคศร
350,348,MaRaEe Z
351,349,Boss งาย
352,79,มังกร ศรคำ
353,350,Lek_Lek
354,351,lGEOl GAMING
355,352,Tanasate Tantiphumchai
356,353,Everything Art
357,354,KRISDA TRONGDEE
358,355,Jitchanamont Ukkarajarunphon
359,356,สุรชัย ชัยรัตน์
360,38,Oaddybeing B
361,357,PARACH SIRISRIRO
362,358,มิ่งขวัญ เพชรอินทร์
363,169,Sukchai Wi
364,359,Pornlert Su
365,360,peepo peepo
366,361,Tosapon Amornpitpratya
367,362,PocKz9 JMK
368,363,Thirapol Khamnorit
369,364,Carburator Rebel
370,365,Papha C
371,366,N Richy
372,367,DadDy Mans
373,368,nintendo bunzong
374,369,Peter Kingston
375,153,ครูเจนสอนว่ายน้ํา อุบลราชธานี
376,370,Siripong Kurnis
377,371,รัชนี สายเนตร
378,372,Sally Sally Chanel
379,373,Rathaphon Tatong
380,374,O. Thummanuchit
381,375,Baster Thanit
382,376,Nuttaphop Thamkittikhun (Bungkom)
383,377,atchariya tunsunti
384,378,ภุชงค์ พรหมลาศ
385,96,Weerawat Sawangniwattana
386,379,Phon Ubon
387,380,องุ่นศรี มณีเหลือง
388,381,Andrea DiCastro
389,111,Taron Eric
390,205,Yingluck Thongpenyai
391,382,Titiporn Tuangratananon
392,383,Panarat Swadipongpan
393,384,Chutinunta Mee
394,385,Billy Holland
395,122,Sunsun T
396,386,Siripong Kaewsri
397,387,Modvang
398,388,Pisit Jiraphakul
399,389,t. ymnrm
400,390,Petar Frost
401,391,Zach Andress
402,392,Thun Ka
403,393,เด็กอ้วน พาชิม
404,394,Fred Flinstones
405,395,Joohn Than
406,396,Chat Luangarpa
407,397,Gildas P
408,398,May Leethanachai
409,399,Pattamawan Sangkhaphan
410,400,Mama Brush
411,401,My Lo Art Studio
412,102,Pratthana Wongsiri (Pooh)
413,402,พราวนภัส วิริยวุฒิไกร
414,403,ภควดี วิเศษกุล
415,222,Noppon Yacht
416,404,Tanate Chanrochananon
417,405,Ryan Culler
418,406,Nautilus Dora
419,407,Chirdsak Srichaiton
420,408,Mike FreeRider Gagne
421,409,Premium Papaya
422,410,artit wongvisit
423,411,สุกัญญา ภูจีระ
424,412,Promrekha Charoenmitr
425,413,Krit T.
426,414,imniroka
427,415,Hyunjin Han
428,138,Surasit Online
429,416,มือใหม่ หัดใช้คอม
430,417,Turbo T.
431,418,Numchoke Piriyakitpaibool
432,419,Jukkapong Supploy
433,131,C.H.A.N. VEERAPHATTARAKUL
434,176,Coffee Coffee
435,420,Thida Maneekong
436,421,PoM Naratip
437,422,Phasit Jaikong
438,423,Wichayan Chobchai
439,424,Amon Boonyawad
440,46,Siriwattana Kerdklang
441,425,Denjiro Roronoah
442,426,Jb Slinger
443,427,Cheerawat Thabsaeng
444,428,Koby
445,429,kritsdc
446,430,Anika Maithong
447,431,Punnada A
448,432,Pongsakorn Tantawiwattananon
449,433,best
450,434,ณัฐพงษ์ ดุจกร
451,435,thongdee Phromnak
452,436,THE SUN
453,437,ปภังกร สินค้า
454,438,pattaradech vitoonrat
455,439,S Kiawsuk
456,440,apichi singhasa
457,441,Nunnapat Suprajitporn
458,148,Methee P.
459,442,Srithong Thabkerd
460,443,Kasorn Booncrong
461,201,Pat Sena
462,444,Pa Plern
463,445,Sanicha Ch.
464,446,Ashley Goodchild
465,447,Chuenjit M.
466,448,9ณัฐวลัญช์ พบบุญ
467,449,Suppachai Poolsuppasit
468,450,เสริมสุข สุวรรณ
469,52,วรวัชร วงศ์สุธา
470,451,Moto View
471,452,Chanapat vongthong
472,453,Shota Lee
473,454,Chuchai Chuenban
474,455,เกียรติภูมิ สิงห์ทอง
475,456,Apichart Sumangkhalasiri
476,457,Treepoom Wattarach
477,458,Phatchareewan Dangtongdee
478,459,Aphiwat Kimhantamal
479,291,박선아
480,460,สัมพเกษี บุตร
481,461,ฤทธิชัย แต้สงเคราะห์
482,462,MM zzz
483,463,kul muk
484,128,A T
485,464,กิน!!เล่น!!เที่ยว!! By เสือหมาบ
486,465,Aey goodday
487,466,Jessada Phanvichit
488,467,Natta W
489,468,yanyong saimuey
490,469,วินแมว
491,470,ชวัลcoffee กาแฟชวัล
492,471,Saran Kamrat
493,472,Hi Sawasdee
494,473,siriwan naka
495,474,natta yantakit
496,475,Dr Kaew Sara
497,476,Natchaya suriyachat
498,477,onehaho onehaho
499,478,sarana boonlak
500,479,Warawut Siwaprapakorn
501,480,Namfon S.
502,481,ธนานันต์ ชินรัตน์
503,482,Tanawat Laochoti (Ice)
504,483,Nujaree Boonsompong
505,484,Phornchai Muangthong
506,485,ศีลดา แสงส่อง
507,486,Raweewan Paoin
508,487,p H
509,488,มีจริง บูรณะ
510,489,Nannaphat chantharakan
511,490,yo made
512,491,somsak sak
513,492,ภาณุพงษ์ สุกพวงแก้ว
514,493,dargon
515,494,Chaichalerm Chalermchai
516,145,Pongsarin Kocharoen
517,161,Chainarong udonthanivipvan
518,495,ธาริณี ทิมาบุตร
519,496,Thitisuda Mooldub
520,497,Ratchada Yeethong
521,498,Boonjit Wiriyathanagorn
522,295,Golf Surasak
523,499,Krit Corp MoMo
524,500,Ruunyai SaArm
525,501,Thanapoom POUNGKEAW
526,502,Pitipat Bamram
527,503,TheBoyd MuayThai Rangsit Boxing Stadium (Theboyd Thailand)
528,504,Jintaporn T
529,505,Teeragit Hare
530,506,Jasmine Janthawatsiri
531,507,1984whatthehell
532,508,Treeneat Sarapong
533,509,Sarawut Petch-in
534,510,Poom Kittipoom
535,127,Amii iiwv
536,155,Onizuka TheGTO
537,511,Not Me
538,512,wanwarin phoonphonhiran
539,513,Hikiko public Levend
540,514,jan44792
541,515,Prakob Jinanavin
542,516,ONE 1
543,307,Ponggun
544,517,NICHABHA PUMJIT
545,518,t b
546,519,Siam Tourism
547,35,Phonanan Seeon
548,520,Pika Pola
549,521,Rawipat Richer
550,48,Nattha S.
551,522,supawat wiwatthana
552,523,เปรม ปัท
553,223,Muat-On Arun
554,64,Parng Parnisara
555,69,ร.ท.เทวินทร์ จารุจิต
556,179,SRINAKORN TANGWAI
557,37,community man
558,94,pattariya kampipark
559,524,เจนณรงค์ เกิดทองคำ
560,525,จริงใจ แสนดี
561,526,Supadee Katwangkuang
562,527,Sam Jongutsah
563,44,Notty JK
564,528,Mewwy Naruedee
565,529,Atichat Monthatip
566,46,Siriwattana Kerdklang
567,124,possawee sillapun
568,319,Sumate Raveepowpong
569,530,นพพร ชาชมพร
570,531,Mean YP
571,532,อดิศร ราชชิต
572,533,Praewpayom Pithangkoon
573,534,Natthapong Nanthasamroeng
574,535,Nares HPP
575,128,A T
576,536,Rak An Coffee
577,537,Virach Suparajitpone
578,538,jaeo jung
579,93,TRAVEL WITH MEE CHANNEL
580,539,Snook chaipornvadee
581,540,Ruby Lib
582,400,Mama Brush
583,541,Sirindhara Teeramachwanich
584,112,Soottipong Winyoopradist
585,138,Surasit Online
586,542,Apinya Khemthong
587,543,S. (namsom)
588,544,Jeddilok Tantae
589,545,ATOMKENT
590,145,Pongsarin Kocharoen
591,546,นิติวัฒน์ นามโสภา
592,547,กิจติญา บุญเกิด
593,548,53phenix
594,549,Sorapote Sewanakunakorn
595,550,Khanitin Seechai
596,551,witsawapit preechanonta
597,183,JEERAPHAT BURANAKIT
598,552,chanon singthong
599,553,Somchai Raksakaew
600,290,Patcharin Jongjai
601,554,Amara Channel
602,555,ธนรัตน์ แซ่คู
603,556,Boom Kittin
604,557,Go map
605,199,P. J.
606,558,เลิฟ ทูยู
607,559,Nanthapat Konghirunpisit
608,560,Natthanan &My life
609,338,Sakdipong Chaichan
610,561,Yezz Pad
611,562,wirunrat pangchat
612,563,Yaowaluck Promdee
613,564,ลภัสรดา ไชยกาล
614,565,เรณู ผ่องอารมณ์
615,566,Double P Channel
616,279,Jathuphol Saithip (GolfEpiiz)
617,567,nutt bpsen
618,568,Sunny Walker
619,569,mamam TJ
620,151,Pudis Yonjorhor
621,570,uaskorn phungyem
622,571,Thakoon Suksukwan
623,295,Golf Surasak
624,572,Chaiyaasi Somutdon
625,573,Thitipon Meedet
626,574,อาทิตยา น่วมสกนธ์
627,472,Hi Sawasdee
628,575,Wongduean Sainet
629,576,Pannisa Saijai
630,577,Academic Proficiency
631,578,ฬุจินันท์ พงษ์นา
632,579,Thanapat Hanjit
633,580,Alek Espresso
634,519,Siam Tourism
635,581,Silver Hawk
636,582,Nihome goldjung
637,583,Kanok Chantrasmi
638,584,kanyuma mutuwong
639,223,Muat-On Arun
640,585,Siriprapa Thammasiri
641,218,COACH LEK ASUN
642,586,Sunny지순
643,587,Kornsin Natpracha
644,363,Thirapol Khamnorit
645,588,Nattanan Suwannachote
646,589,Krittika Dew
647,590,athipat sahapachuda
648,591,Chetsada Sada
649,592,ลิตเติ้ล ฟลาวเวอร์
650,593,Phongitt P.
651,594,Nantawee Stadthaus
652,595,naichanok sathu
653,596,Panyeon Jaa
654,597,นันทวรรณ เทวสังข์
655,87,Parichat Kamutchat
656,598,Pa Kawat
657,599,ธวัชชัย รัตนกุล
658,600,LoBlack vlog
659,601,PE Kritsada
660,602,Dino Dunk
661,603,Butsayapan Thongpon
662,604,วิทยา อินทรสุข
663,605,kbz theBeast
664,606,ฤทัยกานต์ สารภาพ
665,607,อนันตชัย จันทร์โอ
666,608,ภาคภูมิ เกษมสุข
667,355,Jitchanamont Ukkarajarunphon
668,609,thanu wichapool
669,610,แคทลียา พรมรัตน์
670,325,Chanakan Chuengmankhong
671,276,Prat Mingkhwan
672,611,MISTER WEIBEL
673,612,NA MI
674,613,Alex Tangen
675,614,Songpol Ongwattanakul
676,615,Tom TLS
677,616,Vee Piyachanunthon
678,617,Marty James
679,618,김주일
680,619,Nothing In This World
681,115,Francis Fernando
682,620,Pornpimol Jaratdumrongnit
683,58,UKhandsome SoSmart
684,621,TOE Gaja-svasti
685,622,Chonpisit Monthonn
686,623,อิสรีย์ แต้สงเคราะห์
687,624,Wow S
688,392,Thun Ka
689,625,Peeraya Preeprem
690,626,JOB S
691,627,CHADA paboll
692,628,Thatchawit Phapattanakit
693,629,Angelo Mikhail Yap
694,630,arthidz bungong
695,631,achiraya sawaengpun
696,433,best
697,632,Mini Kitchen by BovyQ
698,633,Ameba Thailand
699,534,Natthapong Nanthasamroeng
700,634,นักรบ ชายเเดนใต้
701,437,ปภังกร สินค้า
702,635,Dashing Rodriguez
703,636,Tep Leel
704,637,Pickapoo
705,638,Nantapak Oonthaisong
706,639,Pimpitcha A.
707,640,ADISAK NAMSUPO
708,641,Mo Nuchtongmuang
709,642,Telling Story
710,643,wiroj muangja
711,644,Happy family
712,645,Jesada J
713,646,ธีร์วศิษฐ์ เลขะเจริญกุล
714,647,Thanawoot Pakdeey
715,124,possawee sillapun
716,648,Lah Khampaeng
717,513,Hikiko public Levend
718,649,Pawinee Jaisin
719,505,Teeragit Hare
720,487,p H
721,650,กฤษฏา มนทินอาจ
722,651,Natchari Chirabunnarinya
723,652,mooton Nuchit
724,431,Punnada A
725,653,Wittawat Srisuk
726,654,สำรวจ สังข์แก้ว
727,655,นัทพัดด
728,656,Tawatchai Upathumkiat
729,657,Wannakan Mongkol
730,658,nanthapong bunpong
731,659,Nattha Poonpasert
732,660,Wor S
733,661,NamFhoN NamFhoN
734,338,Sakdipong Chaichan
735,662,เจษฎา อรุณประเสริฐกุล
736,663,g1itchpunk
737,664,Nantida Promdaow
738,665,Tawatchai Wongsakulwiwat
739,666,เดชศักดิ์ รูปทอง (ต้อง)
740,667,Sittipong Thongnaka
741,668,Doug T
742,669,Patiphan Nuansuwan
743,442,Srithong Thabkerd
744,670,มดเอ็กซ์ (มดเอ็กซ์.)
745,671,Croissant Almond
746,672,I'm evolUtion
747,673,Lampa Nipon
748,418,Numchoke Piriyakitpaibool
749,674,Pongpichet Ninjan
750,675,สกาวเดือน พันธ์นิกุล
751,676,TADAUN GROUP
752,677,Niramol Rodhomklin
753,139,นพรัตน์ กาญจนะวรรธนะ
754,678,Andreas Griesmayr
755,679,Loog sorn
756,680,stefaan
757,681,Somwut Surai
758,502,Pitipat Bamram
759,153,ครูเจนสอนว่ายน้ํา อุบลราชธานี
760,682,Thiraphong Laphon
761,683,ชราวุธ ยอดเอื้อ
762,255,Pattra Toopthong
763,301,Patravadi Hamthaisong (Baifern)
764,298,Warich Nathtigoon
765,38,Oaddybeing B
766,528,Mewwy Naruedee
767,684,My Daay off หยุดแล้วเที่ยวได้
768,48,Nattha S.
769,685,Bomberman Mek
770,686,Maymay 77
771,46,Siriwattana Kerdklang
772,687,ศิริพร เลิศวิราม
773,688,TOOMTAM CSK
774,689,ann a
775,690,jarupa saengpao
776,691,NICHE MIN
777,692,วรกานต์ เกตุมอญ (Jaopetong)
778,215,Pitbull Review
779,693,Songklod Chaleyboon
780,694,Thanet Santirojanakul
781,695,Aoun Aoun
782,47,Mayu _
783,696,aten soomboonkumchoo
784,697,Sa Srisawat
785,698,akira huangsuwan
786,600,LoBlack vlog
787,44,Notty JK
788,699,Peerapong tantayakom
789,700,SIRI SIRI
790,701,Edge MaNizTa
791,702,krajeab tonkrajeab
792,535,Nares HPP
793,703,Thanapat Chirapuntu
794,704,Thana Ardharn
795,705,wong seree
796,348,MaRaEe Z
797,124,possawee sillapun
798,706,"See You Again Co.,Ltd."
799,707,น้องแน็ก หวานน้อย
800,708,Chakapong Srisawat
801,709,Tumpost Tumpost
802,710,Enjoy Neverending.
803,711,play and learn
804,712,ชัชวาล คุปติธรรมา
805,79,มังกร ศรคำ
806,128,A T
807,713,Wisthawat Wangsiripaisal (Win)
808,714,JaedynVFX
809,715,Tom Tom
810,716,Keerati Burawat
811,717,C K
812,718,วีระพงษ์ อัศฤกษ์
813,335,Sohot wara
814,719,porramate
815,720,Petrichor : James's diary
816,721,Puttachart Siributr
817,722,bunjome bunmak
818,723,สุภาพร แดนดี
819,724,O Nantawat
820,725,คอฟฟี่ลิงค์
821,526,Supadee Katwangkuang
822,726,Yaninee Tritipayavarakul
823,279,Jathuphol Saithip (GolfEpiiz)
824,78,ภัทรกุล เอกรักษา
825,727,fame chailert
826,728,Suwit Thangchan
827,342,Phongphet S.
828,233,bankobelisks
829,729,Janerob Sangviroon
830,730,suree homhual
831,731,Manita Jarukkhamool
832,732,first click
833,733,tapanat oak
834,734,kusol tapanya
835,735,Vsos Saesao
836,196,Thanet Boon
837,207,Santipong Salakham
838,736,กิตติภณ นามเสาร์
839,737,Cream Katoon
840,738,Pao FST
841,739,Robin Sandee
842,363,Thirapol Khamnorit
843,740,Sirirak Wasukunpipat
844,741,wi Lim
845,554,Amara Channel
846,120,Taradol H.
847,742,thawanrianviriyakij
848,743,ประภาวัลย์ ไชยโคตร
849,744,Orakunya Maneejun
850,34,vanai sun
851,745,WISAN PIRIYAKITPAIBOON
852,746,Popeye Simphan
853,747,Little Dog Studio
854,153,ครูเจนสอนว่ายน้ํา อุบลราชธานี
855,748,Tippayachote Pattachote
856,749,สันติภาพ สายงาม
857,750,H u n G J i R a P a N
858,751,บุญส่ง มูลสาร
859,40,fifi joo
860,752,Tiw Anuchit
861,91,Tanathon Boonla
862,753,Ormsaekow Shdh
863,754,Ubonrat Ubonrat
864,755,Surabordin Saowasutsiri
865,756,Kittiphit s
866,87,Parichat Kamutchat
867,757,มิตร ร้อย8พัน9
868,65,Siriwan M.
869,758,Tony Ch (TTTV)
870,759,Tawan OopEr
871,760,phakpoom phakpoom
872,99,supronphet mueangkhot
873,761,Yotswin Somboonkhamchoo
874,762,Ninenanza Ben
875,763,Suphakarn Suphamongkol
876,562,wirunrat pangchat
877,764,Alan Millett
878,765,ไทยม๊อตโตะ
879,766,Maggy Smith
880,767,Tayika Samipak
881,400,Mama Brush
882,768,Nawo Hanazumi
883,102,Pratthana Wongsiri (Pooh)
884,383,Panarat Swadipongpan
885,769,Wasinon Rungwechwat
886,770,Peerapat Termpanya
887,111,Taron Eric
888,771,Dolchanok Janchong
889,614,Songpol Ongwattanakul
890,772,John Smith
891,773,Moshe Zichmen
892,774,Aleksei Poznakhirin
893,775,Sutira Uaamnuichai
894,276,Prat Mingkhwan
895,776,Nuanpan Ketumarn
896,423,Wichayan Chobchai
897,777,Note Tongnuaha
898,778,Chaloempol Kay
899,779,Tanawin Srisatasuk
900,407,Chirdsak Srichaiton
901,780,Theppharit Thiamprasert
902,781,Saran Laoyookhong
903,782,Nicha Jeeyasak
904,783,Chawanya N
905,784,Kaked AmAnAnt
906,785,Phenphitcha Jaksurat
907,786,Ubonthaiwelder Manpower
908,787,Npakp Kp (Npa)
909,397,Gildas P
910,788,อัครพล บูรณะพิมพ์
911,789,Takon Phongpoonsai
912,790,ศิวะนนท์ เธียรอัครนนท์
913,413,Krit T.
914,791,Thanawatn Kaewnet
915,153,ครูเจนสอนว่ายน้ํา อุบลราชธานี
916,792,Pratibha
917,793,Panus Sriwattana
918,794,เมัง 郑 (Meang)
919,795,Surapat Panrerk
920,796,Chaowanan Suppasri
921,797,จัน มั่น
922,643,wiroj muangja
923,513,Hikiko public Levend
924,798,Sakulsak Wechakama
925,145,Pongsarin Kocharoen
926,799,Rojanin Piriyachatchai
927,507,1984whatthehell
928,800,Juntimun A.
929,801,SomeOne Take a ride RWL
930,802,Panithan Vongkerd
931,803,Napaphun Vihokprasert
932,804,Woranai Boonchai
933,805,Wilai Dolni (give up)
934,806,pakkapol ruenklin
935,807,วรัญรดา ปวรธรานนท์
936,338,Sakdipong Chaichan
937,471,Saran Kamrat
938,127,Amii iiwv
939,808,Thanakon Srithamma
940,809,Waratcharin Bunwong
941,810,Phaichayon Kongchai
942,484,Phornchai Muangthong
943,811,James Nicky
944,242,Paded Pintuto
945,812,Nick Princen
946,813,Tiwahtta Irisarten
947,814,Phitoon Joe
948,441,Nunnapat Suprajitporn
949,815,กรวิชญ์ อินทรวัลณ์กูล
950,640,ADISAK NAMSUPO
951,816,Joyjoy87 Sae
952,817,Frosty Eiei
953,509,Sarawut Petch-in
954,201,Pat Sena
955,818,Anne-Marie Raaijmakers
956,476,Natchaya suriyachat
957,75,Wiriya Unratana
958,468,yanyong saimuey
959,819,ปฐม ตาคะนานันท์
960,820,Picha Mahakittikun
961,821,Parit Roongrojkajornkit
962,188,เกียรติศักดิ์ เฟื่อง
963,505,Teeragit Hare
964,822,Amonrath Sitthiserikun
965,823,หมีจ๋า มาแว้ว
966,824,Tonaor Phitcha
967,280,Sarin S
968,825,mana attempted
969,826,Urng Sangwong
970,827,Hataichanok Paisarn
971,86,รังสรรค์ ทับอุไร
972,828,Panida Ch
973,141,Jirawat P
974,829,Trek Mtb
975,830,Tom'May Muengpool
976,831,THAWORK
977,244,พงศธร จันทรบาตร
978,832,ภุชงค์ บุญชอบ1_20
979,833,ไชยพนิตนันท์ ไกรวิเศษ
980,834,Nukk WSP
981,538,jaeo jung
982,835,Supansa Tiamtud
983,515,Prakob Jinanavin
984,836,U U
985,837,Pobsin Gmail
986,838,Let it be Studio
987,295,Golf Surasak
988,839,atis hk
989,840,Andrew Park
990,193,Wuttichai Nakpan
991,841,TaoZa 007
992,502,Pitipat Bamram
993,459,Aphiwat Kimhantamal
994,842,Thitipat Chirathitiporn
995,433,best
996,843,Nong_ d[0_*]b
997,35,Phonanan Seeon
998,844,ศิวาภรณ์ ถุระพัฒน์
999,845,tuan 7777
1000,846,Cheewamon Putthapong (Hotzy)
1001,847,Somjet Boonwit
1002,848,Chaiyut N.
1003,548,53phenix
1004,308,TinyPayForYou
1005,703,Thanapat Chirapuntu
1006,34,vanai sun
1007,153,ครูเจนสอนว่ายน้ํา อุบลราชธานี
1008,362,PocKz9 JMK
1009,849,Suptawee Panumonwatee
1010,850,Uns Apichai
1011,851,suwit keera
1012,852,pretty kimmy
1013,853,Kwang TH
1014,722,bunjome bunmak
1015,48,Nattha S.
1016,854,kantapon Suwanjan
1017,855,Natee M
1018,87,Parichat Kamutchat
1019,856,Waraporn Tharawadee
1020,857,Many Happy
1021,326,METHPIYA KEN
1022,858,Cc Cc
1023,859,Nita kung
1024,860,จักริน สุวรรณศิริ
1025,861,แม่ลูกคู่ซี้
1026,862,TheMicciM
1027,863,ปุญชรัสมิ์ ไชยสิทธิ์
1028,864,Touchchai tc
1029,865,Pawarin S.
1030,742,thawanrianviriyakij
1031,866,Om Uro
1032,867,Chanat Tipsena
1033,218,COACH LEK ASUN
1034,868,สุธาสินี แก้วการ
1035,869,Chatchawin Pola
1036,84,ทศพร พัวเพิ่มพูลศิริ
1037,870,Pond Phakwalan (Pond)
1038,871,Nitiwat Rungrodnimitchai
1039,872,waratchaya harasan
1040,873,Chaiwat Kantha
1041,874,Daniel Pi
1042,875,Palm Metallic
1043,876,Chaiwat Ongpapat
1044,877,Frost Zea
1045,878,Sirirojn W
1046,879,Teerawat Charoenbenjawong
1047,880,Patihan Maliwan
1048,881,Sayant Saengsuwan
1049,284,Suparat Laipradidtakorn
1050,271,นราธิป สาครวงศ์วัฒนา
1051,882,ภัทรพงษ์ บุญรัตนาคม
1052,523,เปรม ปัท
1053,883,saranya ngarnsampantarit
1054,884,นายชาญเดช เผือกยิ้ม
1055,885,pb
1056,886,Saiyai S.
1057,887,David Stanley
1058,888,Kevin Gove
1059,102,Pratthana Wongsiri (Pooh)
1060,889,danny potter
1061,890,natthakrit trongchookiat
1062,891,Rodney Peter (Ash)
1063,892,Steen Balchen
1064,893,Mana Blumicz
1065,383,Panarat Swadipongpan
1066,894,Thaiger
1067,895,Andrei Agache
1068,896,Françoise Hallard
1069,717,C K
1070,897,남궁진영
1071,898,Putthinat Pastraporn
1072,899,Alex Sudar
1073,900,Jaya Mee
1074,901,Piyarerk Bunkoson
1075,902,Eric
1076,123,Phuripob Srima
1077,903,Songrit Tanchatchawan
1078,511,Not Me
1079,904,phanaphong saengnin
1080,905,Surachet Kobsawat
1081,184,วรปรัชญ์ นามไธสง
1082,491,somsak sak
1083,906,The Black Devil
1084,907,Kryzl Makiling
1085,908,EPC Channel
1086,909,Charoon C
1087,910,วินัย ครองยุทธ
1088,327,soravich premcharoen
1089,509,Sarawut Petch-in
1090,911,RADA_ MINT
1091,912,Piyarat Thannipat
1092,913,chairin thamamornpong
1093,914,Paulz VI
1094,915,Thitakorn Ussayaporn
1095,916,Peter Woo
1096,917,merin khamhom
1097,918,บักหัวล้าน อีหน้าโง่
1098,667,Sittipong Thongnaka
1099,919,j pp
1100,920,Kritsana Kim
1101,921,รีวิวไปเรื่อย โดยอัญฐิการ์
1102,922,Jirayut Wongprasoet
1103,923,Anuwat Kebraksa
1104,924,วิทยา อุวิทัต
1105,127,Amii iiwv
1106,925,Thapakron Unjai
1107,926,suree Padtra
1108,927,nakrob on-sri
1109,621,TOE Gaja-svasti
1110,928,Beauty. Bee
1111,929,นายพีรกานต์ สุขสิงห์
1112,930,iDEA
1113,931,Suphakit Pinthong
1114,932,พิษิณุ บัวระพันธ์
1115,933,ศิวกร ประกอบผล
1116,934,A -yo
1117,935,Krich Krichpunyawaro
1118,936,Thirawat Keatthananont
1119,937,Nekikung Springfield
1120,938,Pawarisa Samart
1121,735,Vsos Saesao
1122,647,Thanawoot Pakdeey
1123,939,นิรันรัตน์ อุลัยพงษ์
1124,940,Haru Haruharu
1125,941,Ponlawat Suboon
1126,942,Natthidapa Thianthong
1127,943,Pichapong Teerawajee
1128,944,tiara lacheay
1129,945,cheeky love
1130,946,Warat Intharaprom (Draft)
1131,122,Sunsun T
1132,528,Mewwy Naruedee
1133,947,กฤตกร หิรัญเขว้า
1134,948,Muyong Muham
1135,47,Mayu _
1136,94,pattariya kampipark
1137,48,Nattha S.
1138,949,ZNEl3
1139,358,มิ่งขวัญ เพชรอินทร์
1140,950,พิษณุพงศ์ เพชรอินทร์
1141,205,Yingluck Thongpenyai
1142,540,Ruby Lib
1143,102,Pratthana Wongsiri (Pooh)
1144,951,tabanopro
1145,401,My Lo Art Studio
1146,952,Ramez Tira
1147,953,1904x
1148,954,Sarit Sinhashthita
1149,634,นักรบ ชายเเดนใต้
1150,955,กิติยารัตน์ ลายทอง
1151,956,Saran Moolsilp
1152,957,Pom Camping
1153,958,Prapatsara Akara
1154,169,Sukchai Wi
1155,265,Pakorn Wongchalee
1156,959,Wee Wit
1157,48,Nattha S.
1158,438,pattaradech vitoonrat
1159,960,Pharuehus Sinngam
1160,961,Chawalit Noonlugkhum
1161,962,Sumaitree seesuan
1162,963,premkamol premmy
1163,964,Janphong Chitwasinkul
1164,965,Chris Curry
1165,122,Sunsun T
1166,115,Francis Fernando
1167,179,SRINAKORN TANGWAI
1168,966,Yes I am
1169,967,Oppo Oppo
1170,36,Chavakorn Laophetsakunchai
1171,48,Nattha S.
1172,47,Mayu _
1173,968,Kuna Pun
1174,94,pattariya kampipark
1175,523,เปรม ปัท
1176,954,Sarit Sinhashthita
1177,124,possawee sillapun
1178,969,wattana tunpoon
1179,970,ชณัญ กุลทอง
1180,971,Puwarit Siri
1181,725,คอฟฟี่ลิงค์
1182,433,best
1183,219,เกียรติศักดิ์ ปิยภิญโญภาพ
1184,335,Sohot wara
1185,234,KHONNAKHANG
1186,972,Sir sir (เจมส์)
1187,538,jaeo jung
1188,973,Veeranuch Rojyindeelert
1189,205,Yingluck Thongpenyai
1190,274,Thanakorn Suksuan
1191,276,Prat Mingkhwan
1192,974,Somiw
1193,975,Alison
1194,542,Apinya Khemthong
1195,102,Pratthana Wongsiri (Pooh)
1196,122,Sunsun T
1197,295,Golf Surasak
1198,976,Kom Phatipracha
1199,279,Jathuphol Saithip (GolfEpiiz)
1200,151,Pudis Yonjorhor
1201,232,Mike Nontharit Maniam
1202,977,KitarBF
1203,40,fifi joo
1204,978,อ.น้ําฝน นาคราชพยากรณ์
1205,849,Suptawee Panumonwatee
1206,979,MEMINDMINT
1207,265,Pakorn Wongchalee
1208,980,Wannasiri Kootha
1209,397,Gildas P
1210,556,Boom Kittin
1211,981,สุวรรณ สาวันดี
1212,201,Pat Sena
1213,244,พงศธร จันทรบาตร
1214,982,พชรกมล จันดารัตน์
1215,380,องุ่นศรี มณีเหลือง
1216,48,Nattha S.
1217,780,Theppharit Thiamprasert
1218,983,Bowy Hu
1219,984,Rainbow Supatra
1220,985,Mathurueda Limsuwan
1221,526,Supadee Katwangkuang
1222,986,Wrnk JJ
1223,38,Oaddybeing B
1224,523,เปรม ปัท
1225,952,Ramez Tira
1226,233,bankobelisks
1227,987,Supawadee S.
1228,849,Suptawee Panumonwatee
1229,988,Rabbit Holiday
1230,94,pattariya kampipark
1231,649,Pawinee Jaisin
1232,338,Sakdipong Chaichan
1233,989,ใหม่นภา พุฒพิมพ์
1234,115,Francis Fernando
1235,274,Thanakorn Suksuan
1236,990,Sophitda Nakwijit
1237,991,Phattadon Sucharittanonta
1238,954,Sarit Sinhashthita
1239,783,Chawanya N
1240,401,My Lo Art Studio
1241,992,madamesotis s.
1242,980,Wannasiri Kootha
1243,265,Pakorn Wongchalee
1244,993,M U
1245,279,Jathuphol Saithip (GolfEpiiz)
1246,127,Amii iiwv
1247,994,212ปาณิตตา ศิริชัย
1248,995,เพิ่มพูล เอื้อเฟื้อพันธุ์
1249,996,is Topsic
1250,997,nuntakorn waree
1251,998,Toon Sattarujawongse
1252,438,pattaradech vitoonrat
1253,959,Wee Wit
1254,999,Golffy Lifestyle
1255,1000,Keerati Krit
1256,1001,นิติกร ขาววงศ์
1257,45,Beggar Gang
1258,952,Ramez Tira
1259,528,Mewwy Naruedee
1260,1002,Phiicha Yada
1261,1003,umaporn Rungratsametavemana
1262,1004,MuaMua Mek
1263,960,Pharuehus Sinngam
1264,94,pattariya kampipark
1265,215,Pitbull Review
1266,512,wanwarin phoonphonhiran
1267,1005,M
1268,1006,Prachaub Kollasuta
1269,295,Golf Surasak
1270,1007,นันทภัค ผิวทอง
1271,1008,Kitti Suwattanakoon
1272,337,Pisit Tawjunteuc
1273,1009,Guide somying Channel
1274,1010,PK Phongphot
1275,1011,Chat Phaophongchuang
1276,1012,ptuk sriwanalai
1277,1013,สมเจตต์ นิรมานสกุล
1278,552,chanon singthong
1279,73,คณิศร เทพอัคศร
1280,526,Supadee Katwangkuang
1281,1014,PHISIT WADEESIRISAK (TEEM)
1282,1015,Jeerawan Somasri
1283,299,MMaaYY KK
1284,759,Tawan OopEr
1285,1016,Jad Boondao
1286,169,Sukchai Wi
1287,1017,Nakhorn Thongngam
1288,1018,naruepon picro
1289,1019,ไชโย กินรี
1290,1020,Tony Andrew
1291,444,Pa Plern
1292,1021,Khundej Suriharn
1293,1022,พัชมณ เจริญนาวี
1294,1023,wilaiwan kamlangdee
1295,1024,Sornsiri Sirisophaphong
1296,1025,เปาเปา Racing Shop อุบล
1297,1026,นาวี นาคแนวดี
1298,1027,Mon SterZ
1299,1028,wuttikrai 'ทหารราบ
1300,1029,Thanavat C.
1301,1030,WilaiPorn THonGJan
1302,1031,หน่อง
1303,1032,pariwat koomsuwan
1304,1033,Jojo Kun
1305,270,Being Tien
1306,1034,จิมจู กุลเสนา
1307,1035,จิรนันท์ สุภวรรณ์
1308,1036,Naret Boonraksa
1309,179,SRINAKORN TANGWAI
1310,1037,หัทยา ภูวกุล
1311,1038,Smith Phansiri
1312,1039,Somsiri Jungsatidkul
1313,48,Nattha S.
1314,301,Patravadi Hamthaisong (Baifern)
1315,325,Chanakan Chuengmankhong
1316,1040,jirapong yumthaisong
1317,843,Nong_ d[0_*]b
1318,1041,Wanalee Kumfaeng
1319,1042,Cherry Berry
1320,1043,สน เจี๊ยะ
1321,1044,Som-pong C
1322,1045,Phat
1323,40,fifi joo
1324,1046,Ngamcheewa Channel
1325,1047,Fay Natnicha
1326,1048,เจษ บุญดาว
1327,1049,noo leg
1328,269,Sutada Kattajan
1329,94,pattariya kampipark
1330,1050,วันสบายๆ สไตล์ Yingz ying
1331,1051,Khacharin Nusty
1332,1052,แจน แจนจ้า
1333,1053,มนัฐฤทัย พงค์ฐิติรัตน์
1334,153,ครูเจนสอนว่ายน้ํา อุบลราชธานี
1335,1054,PhongPan Lerdamornpong
1336,45,Beggar Gang
1337,1055,น้องมีตัง แม่แอนนา
1338,1056,หม่อมสามหยอย
1339,1057,Noynoi Thongchai
1340,1058,qqqsss qe
1341,1059,Eampon Thani
1342,488,มีจริง บูรณะ
1343,1060,สุมาลัย คมใส
1344,1061,Akapong Thananyai
1345,1062,chitpol chaiprapal
1346,1016,Jad Boondao
1347,1063,Sukunlaya Suwannatrai
1348,1064,NEW_ PP
1349,752,Tiw Anuchit
1350,418,Numchoke Piriyakitpaibool
1351,1065,Phanuphothong Phumphothong (Jame Inw)
1352,73,คณิศร เทพอัคศร
1353,1066,Boonyong Thongjaroenthisa
1354,1067,Korakod Ponyiam
1355,491,somsak sak
1356,651,Natchari Chirabunnarinya
1357,605,kbz theBeast
1358,1068,Pong Toshi
1359,1069,NAN NK
1360,1070,kosit supansa
1361,1071,โรงแรมซีวา อํานาจเจริญ
1362,405,Ryan Culler
1363,1072,Bruce Templeman
1364,1073,Grant G
1365,1074,Bob Simpson
1366,1075,Nami Laipraseat
1367,1076,Greg Carter
1368,1077,รัชนีกร อินทะชิน
1369,64,Parng Parnisara
1370,58,UKhandsome SoSmart
1371,1078,Darong Supawanwong
1372,1079,เลอพร มหิพันธุ์
1373,1080,Arthitaya Wongngam
1374,1081,anusorn kheankham
1375,1082,Chi Chi Channel
1376,841,TaoZa 007
1377,1083,Aei Kitsada
1378,1084,Jeerasak Seesong
1379,86,รังสรรค์ ทับอุไร
1380,1085,ศิวพร ปานรักษา
1381,1086,Krittachai L.
1382,1087,น้าไกด์ อุบล
1383,1088,Sannie Lee
1384,1089,lerka K
1385,1090,Prakrong Nimsambhao
1386,1091,Tawatsorn Tantrarungroj
1387,1092,จําเป็นต้องเสือก เพราะความถูกต้อง
1388,1009,Guide somying Channel
1389,1093,kamonchanok jampee
1390,1094,teerapab kong
1391,1095,ควายสน
1392,1096,adisak james
1393,502,Pitipat Bamram
1394,1097,นายวิทยา นนท์ชะนะ
1395,1098,ปริญญา โคตรวันทา
1396,1099,Thanakorn Saimo
1397,96,Weerawat Sawangniwattana
1398,655,นัทพัดด
1399,1100,นางสาวบัวชมพู เบรนน์
1400,174,Hh 55
1401,1101,SUPACHAI
1402,1102,MANOCH CHANTASOM
1403,1103,ณัฐศิลป์ รสจันทร์
1404,511,Not Me
1405,1104,Dominik Aures
1406,1105,Sarawut Kaewkanok
1407,1106,คุณนู๋ ลิงน้อย
1408,284,Suparat Laipradidtakorn
1409,1107,Zongporn Juengmunkong
1410,1108,Kraibhiwat Bhunwongkhot
1411,1109,ธวัชชัย นามจําปา
1412,1110,Orana Sandri
1413,1111,สถาพร สนใจ
1414,600,LoBlack vlog
1415,1112,poppii'z Thiyanon
1416,1113,วาสนา สังข์สัมฤทธิ์
1417,1114,คนธวงศ์ คันธจันทร์
1418,1115,สิทธิพงษ์ ถาวรนิธิเดช
1419,1116,Nuntana Thinraha
1420,1117,สุภัทรา ผลสุข
1421,1118,Maibatong Batong
1422,1039,Somsiri Jungsatidkul
1423,513,Hikiko public Levend
1424,1119,นัฐพล กายไธสง
1425,1120,Trueplus Industry
1426,638,Nantapak Oonthaisong
1427,1121,Jeeraporn Saengyotha
1428,1122,Owen
1429,1123,KKJ BABY TV
1430,1124,Glad of Us
1431,1125,Wannisa Aupparee
1432,960,Pharuehus Sinngam
1433,1126,Ten EERT (ืnangna)
1434,1127,Kathy Os
1435,36,Chavakorn Laophetsakunchai
1436,313,aomsup puengkornburee
1437,1128,Chayapa Lert
1438,1129,Jetnapa Techawiparat
1439,1130,Liew
1440,1131,Mark Ck_m
1441,1132,WEERAPON NIAWPAN
1442,1133,Frankie BKK
1443,1134,Rinrada Chokprasombud
1444,1135,MOOK Saranya
1445,301,Patravadi Hamthaisong (Baifern)
1446,1136,MINIAOM
1447,1137,นันทวดี ธุระทํา
1448,1138,Park Ph
1449,1139,VJ VirinZy
1450,1140,Alex Black
1451,1141,Pipat Dol
1452,1142,ธันยาพชร พิสุทธิ์
1453,1143,chumpolpat seetakulset
1454,326,METHPIYA KEN
1455,1144,ช่างน้อยSk Keytime
1456,705,wong seree
1457,362,PocKz9 JMK
1458,1145,ดนัย ชัยหม่องแก้ว
1459,438,pattaradech vitoonrat
1460,1146,พงศธร โปริสา
1461,1147,Tidalug Puncum
1462,1148,Pim Kamon
1463,512,wanwarin phoonphonhiran
1464,1149,Waraporn Kullabut
1465,1150,Jib Jiu
1466,1151,Rachaneekorn Luksana
1467,1152,Wisit Vorapanit
1468,1153,Warayut Inaram
1469,1154,ปวิชญา อวยพร
1470,1003,umaporn Rungratsametavemana
1471,1155,นรชิต คชาชีวะ
1472,1156,Chomboon Vivian
1473,1157,Chaiphon Korat
1474,1158,Mr Somsak
1475,1159,Nakarin Sae oug
1476,1160,Suwatchai Jaroenchai
1477,1161,แหวน ดินโพน
1478,1162,Suwicha Saybhothi
1479,1163,NONG AROMDEE
1480,1164,Bancha Saiweao
1481,87,Parichat Kamutchat
1482,1165,Pornrat Panhoy
1483,1166,Chollada Sammaprab
1484,1167,ประวีณา ทาวังราช ID8087G07
1485,1168,ณรงค์ฤทธิ์ แสนกลม
1486,1169,monchai sukasam
1487,223,Muat-On Arun
1488,1170,patpong samittipat
1489,1171,p r
1490,1172,โชสิตา สายบัว
1491,1173,พรพรรณ ดวงแก้ว
1492,1174,Lakkhana Raksa
1493,1175,AuntyAun Tuan
1494,1176,MissBUM CHANNEL
1495,1177,Chalermwut Wongjintanaporn
1496,1178,Sukanya Kongphila
1497,1179,XUB x
1498,1180,Ekapoj Puengkasem
1499,1181,tipsuda t
1500,1182,Chatwit Puapermpoonsiri
1501,1183,Auy&Ammi FamilyHomeTH
1502,1184,นายธนิเชษฐ์ สอนอาจ
1503,94,pattariya kampipark
1504,96,Weerawat Sawangniwattana
1505,1185,Nichayanun Chintho
1506,219,เกียรติศักดิ์ ปิยภิญโญภาพ
1507,1186,Nampet N
1508,1187,Channarong Khaoplaek
1509,1188,ร้าน ขนส่งพัสดุไปรษณีย์ สาขาขามใหญ่ ซอยแม่ชี
1510,1189,nichanan pua
1511,1190,Chatchawan Sarnthong
1512,1191,Edgar Gabriel
1513,1192,Panida Kool-on
1514,1076,Greg Carter
1515,1193,Prakan nakaradatchaiya
1516,1194,Patanaporn Teppitak
1517,1195,Apinya Ngamsanga
1518,1196,อัษฎางค์วุฒิ นาคีรักษ์
1519,1197,ปฐมาภรณ์ พันธโคตร์
1520,1198,วิถีอิสาน คนบ้านนอก
1521,183,JEERAPHAT BURANAKIT
1522,1199,Suraruk Wichayaapa
1523,1200,Amnat HD Channel
1524,1201,Ploy Nitaz
1525,428,Koby
1526,1202,Yanwit Ninrattananon
1527,1203,ณฐพร หมื่นสุข
1528,1204,นิรันดร พรหมดี
1529,1205,UbonTT Business
1530,1206,boomtem pensiri
1531,1207,ณัฐวรรธน์ บุญชิตเลิศสกุล
1532,1208,George Number three
1533,1209,มนูญ วันทอง
1534,1210,Black Box
1535,1211,พล มิน โฮ เกาหลีบ้านนอก
1536,338,Sakdipong Chaichan
1537,1212,siriporn chuenchom
1538,1213,Chawalit Jumlee
1539,1214,เทียมมะณีย์ วีระศักดิ์
1540,1215,Waiyawit Boonkham
1541,1216,ชัยพจน์ จันทรอภิวัฒนา
1542,554,Amara Channel
1543,1217,worawong intarasuk
1544,1218,Kanyarat P.
1545,1219,ณัฐกิจ ภูสิงหา
1546,868,สุธาสินี แก้วการ
1547,630,arthidz bungong
1548,1220,Niratcha Ang***
1549,1221,อดิศักดิ์ กอจันทร์
1550,1222,nattawut puapittayalert
1551,1223,Amade Seiler
1552,1224,Savitree Savitree
1553,1032,pariwat koomsuwan
1554,444,Pa Plern
1555,545,ATOMKENT
1556,1225,ตะวัน P
1557,1226,เฉลิมพงษ์ ทินบุตร
1558,1184,นายธนิเชษฐ์ สอนอาจ
1559,1227,อภินันตรี สุขหอม
1560,1228,jinchaya Srihaphol
1561,655,นัทพัดด
1562,295,Golf Surasak
1563,1229,สําปะปี๋ Channel
1564,1230,Ronny Chanbanditnant
1565,246,jamukung lukjung
1566,1231,สุพรรณดา กระดานพล
1567,1232,Tewa Jumnong
1568,1233,npm install
1569,1234,นิรันดร์
1570,1235,Parinda Nakhammool
1571,1236,ไวไว อิอิ
1572,1237,Pop Pop
1573,1238,Rabbit Cute
1574,796,Chaowanan Suppasri
1575,552,chanon singthong
1576,1135,MOOK Saranya
1577,301,Patravadi Hamthaisong (Baifern)
1578,1136,MINIAOM
1579,1137,นันทวดี ธุระทํา
1580,1138,Park Ph
1581,1139,VJ VirinZy
1582,1140,Alex Black
1583,1141,Pipat Dol
1584,1142,ธันยาพชร พิสุทธิ์
1585,1143,chumpolpat seetakulset
1586,326,METHPIYA KEN
1587,1144,ช่างน้อยSk Keytime
1588,705,wong seree
1589,362,PocKz9 JMK
1590,1145,ดนัย ชัยหม่องแก้ว
1591,438,pattaradech vitoonrat
1592,1146,พงศธร โปริสา
1593,1147,Tidalug Puncum
1594,1148,Pim Kamon
1595,512,wanwarin phoonphonhiran
1596,1149,Waraporn Kullabut
1597,1150,Jib Jiu
1598,1151,Rachaneekorn Luksana
1599,1152,Wisit Vorapanit
1600,1153,Warayut Inaram
1601,1154,ปวิชญา อวยพร
1602,1003,umaporn Rungratsametavemana
1603,1155,นรชิต คชาชีวะ
1604,1156,Chomboon Vivian
1605,1157,Chaiphon Korat
1606,1158,Mr Somsak
1607,1159,Nakarin Sae oug
1608,1160,Suwatchai Jaroenchai
1609,1161,แหวน ดินโพน
1610,1162,Suwicha Saybhothi
1611,1163,NONG AROMDEE
1612,1164,Bancha Saiweao
1613,87,Parichat Kamutchat
1614,1165,Pornrat Panhoy
1615,1166,Chollada Sammaprab
1616,1167,ประวีณา ทาวังราช ID8087G07
1617,1168,ณรงค์ฤทธิ์ แสนกลม
1618,1169,monchai sukasam
1619,223,Muat-On Arun
1620,1170,patpong samittipat
1621,1171,p r
1622,1172,โชสิตา สายบัว
1623,1173,พรพรรณ ดวงแก้ว
1624,1174,Lakkhana Raksa
1625,1175,AuntyAun Tuan
1626,1176,MissBUM CHANNEL
1627,1177,Chalermwut Wongjintanaporn
1628,1178,Sukanya Kongphila
1629,1179,XUB x
1630,1180,Ekapoj Puengkasem
1631,1181,tipsuda t
1632,1182,Chatwit Puapermpoonsiri
1633,1183,Auy&Ammi FamilyHomeTH
1634,1184,นายธนิเชษฐ์ สอนอาจ
1635,94,pattariya kampipark
1636,96,Weerawat Sawangniwattana
1637,1185,Nichayanun Chintho
1638,219,เกียรติศักดิ์ ปิยภิญโญภาพ
1639,1186,Nampet N
1640,1187,Channarong Khaoplaek
1641,1188,ร้าน ขนส่งพัสดุไปรษณีย์ สาขาขามใหญ่ ซอยแม่ชี
1642,1189,nichanan pua
1643,1190,Chatchawan Sarnthong
1644,1191,Edgar Gabriel
1645,1192,Panida Kool-on
1646,1076,Greg Carter
1647,1193,Prakan nakaradatchaiya
1648,1194,Patanaporn Teppitak
1649,1195,Apinya Ngamsanga
1650,1196,อัษฎางค์วุฒิ นาคีรักษ์
1651,1197,ปฐมาภรณ์ พันธโคตร์
1652,1198,วิถีอิสาน คนบ้านนอก
1653,183,JEERAPHAT BURANAKIT
1654,1199,Suraruk Wichayaapa
1655,1200,Amnat HD Channel
1656,1201,Ploy Nitaz
1657,428,Koby
1658,1202,Yanwit Ninrattananon
1659,1203,ณฐพร หมื่นสุข
1660,1204,นิรันดร พรหมดี
1661,1205,UbonTT Business
1662,1206,boomtem pensiri
1663,1207,ณัฐวรรธน์ บุญชิตเลิศสกุล
1664,1208,George Number three
1665,1209,มนูญ วันทอง
1666,1210,Black Box
1667,1211,พล มิน โฮ เกาหลีบ้านนอก
1668,338,Sakdipong Chaichan
1669,1212,siriporn chuenchom
1670,1213,Chawalit Jumlee
1671,1214,เทียมมะณีย์ วีระศักดิ์
1672,1215,Waiyawit Boonkham
1673,1216,ชัยพจน์ จันทรอภิวัฒนา
1674,554,Amara Channel
1675,1217,worawong intarasuk
1676,1218,Kanyarat P.
1677,1219,ณัฐกิจ ภูสิงหา
1678,868,สุธาสินี แก้วการ
1679,630,arthidz bungong
1680,1220,Niratcha Ang***
1681,1221,อดิศักดิ์ กอจันทร์
1682,1222,nattawut puapittayalert
1683,1223,Amade Seiler
1684,1224,Savitree Savitree
1685,1032,pariwat koomsuwan
1686,444,Pa Plern
1687,545,ATOMKENT
1688,1225,ตะวัน P
1689,1226,เฉลิมพงษ์ ทินบุตร
1690,1184,นายธนิเชษฐ์ สอนอาจ
1691,1227,อภินันตรี สุขหอม
1692,1228,jinchaya Srihaphol
1693,655,นัทพัดด
1694,295,Golf Surasak
1695,1229,สําปะปี๋ Channel
1696,1230,Ronny Chanbanditnant
1697,246,jamukung lukjung
1698,1231,สุพรรณดา กระดานพล
1699,1232,Tewa Jumnong
1700,1233,npm install
1701,1234,นิรันดร์
1702,1235,Parinda Nakhammool
1703,1236,ไวไว อิอิ
1704,1237,Pop Pop
1705,1238,Rabbit Cute
1706,796,Chaowanan Suppasri
1707,552,chanon singthong
1708,1239,Worawut Siwapornprasert
1709,1240,Photonman
1710,1241,Nattaporn Sutham
1711,1242,Nineyut Lertektham
1712,1243,James Kinghorn
1713,516,ONE 1
1714,719,porramate
1715,1244,Thanidnun Yordmanun
1716,1245,Witthawat Thamthiang
1717,259,Jirapat W.
1718,1246,อัญชลี บรรบุบผา
1719,1247,Pattamawadee Seawsakul
1720,215,Pitbull Review
1721,959,Wee Wit
1722,1248,Poom Opamana
1723,438,pattaradech vitoonrat
1724,1126,Ten EERT (ืnangna)
1725,306,Tanapat Leejinda
1726,1249,minali mean
1727,1250,apichaya jumpavong
1728,44,Notty JK
1729,1251,Mix Nalin Boonsayan
1730,1252,Apollo CNX
1731,999,Golffy Lifestyle
1732,523,เปรม ปัท
1733,1253,Ketsinee T
1734,94,pattariya kampipark
1735,1254,Nirut Pongudom
1736,229,Dumrongruk Joyruksa
1737,1255,iceicethailand — Instagram
1738,528,Mewwy Naruedee
1739,1256,THANAYA WERAWUTTIPON
1740,46,Siriwattana Kerdklang
1741,218,COACH LEK ASUN
1742,48,Nattha S.
1743,701,Edge MaNizTa
1744,1136,MINIAOM
1745,262,Kessy Ivan
1746,1257,D Bbq Dkssb Shdjdjdn
1747,1258,Panachakorn Yukwattanapong
1748,1259,JK Adventurer
1749,1260,Sumanee Kanakasai
1750,1261,Onnutcha Naknawaphan
1751,1065,Phanuphothong Phumphothong (Jame Inw)
1752,223,Muat-On Arun
1753,1262,violet Naka
1754,96,Weerawat Sawangniwattana
1755,1263,aomchacha
1756,1264,Tippawan Into
1757,1265,Jack
1758,695,Aoun Aoun
1759,559,Nanthapat Konghirunpisit
1760,1266,Molly Global
1761,1267,bung ch
1762,1268,Suchanya prasanthong
1763,1269,Maew Maew
1764,1270,Gopop Chin
1765,1271,Sutassanee Pukkaew
1766,1272,Reabroy V.
1767,155,Onizuka TheGTO
1768,1273,phayu souliyanh
1769,1274,Warut Chirasiln
1770,1275,พรพระพาย ฐณิชย์ธิติกุล (PLA)
1771,1276,Bhak P.
1772,1277,ประไพศรี เกษศิริ
1773,530,นพพร ชาชมพร
1774,919,j pp
1775,1278,Nuttaya Yamsai
1776,1279,Maungalow Kumvisate
1777,184,วรปรัชญ์ นามไธสง
1778,1280,mek sawun
1779,1281,Teerajet Lakumsen
1780,1282,Tossapol Sakawkanokrat
1781,1283,Chris Buckley
1782,1284,Palinee Pantong
1783,384,Chutinunta Mee
1784,113,Bankk 789
1785,1285,Tanut Treratanakulwong
1786,1286,peter liang
1787,1287,Eric Nattawut
1788,124,possawee sillapun
1789,1288,Kusumann Lowsalaraks
1790,307,Ponggun
1791,1289,PinpIN On
1792,287,thitirat Nganchamung
1793,1290,kasorn booncrong
1794,1291,Pong Tar
1795,1292,พรพระพาย ฐณิชย์ธิติกุล
1796,1293,วิภาวดี กัลยา
1797,1294,Jirattorn J.
1798,1295,กรณัฐธนิน พลินรัชต์ธนะเดช
1799,172,Patrick zhang
1800,1039,Somsiri Jungsatidkul
1801,290,Patcharin Jongjai
1802,265,Pakorn Wongchalee
1803,1296,Sawitree Khawkong
1804,1297,Thanakorn Prakobnoppakao
1805,1298,Sirikamol Rai
1806,397,Gildas P
1807,1299,Sudarat Assa
1808,1300,Phetphraeo
1809,1301,Chayut Kunthonwarin
1810,1302,113_kammika raksa
1811,1303,LG6502_06 ธนาคาร ปริพุฒ (AbNKei)
1812,1304,ปฏิพล ทรงอาจ
1813,338,Sakdipong Chaichan
1814,1305,Manaw Nattida
1815,601,PE Kritsada
1816,1024,Sornsiri Sirisophaphong
1817,1306,Jason Zhang
1818,1307,chayut kunthonwarin
1819,1308,นายทรงศักดิ์ พุ่มจันทร์
1820,1309,Watcharaporn Juengsamarn
1821,284,Suparat Laipradidtakorn
1822,246,jamukung lukjung
1823,1310,Jarukit Vongpacharaporn
1824,1311,Ra_ P
1825,1312,Medz Kitikun
1826,1313,Arthur Leung (Leung Yanning)
1827,283,S Wong
1828,233,bankobelisks
1829,625,Peeraya Preeprem
1830,151,Pudis Yonjorhor
1831,1314,Ittipon Jee
1832,1315,Sudomonas P
1833,274,Thanakorn Suksuan
1834,1316,P Burgess
1835,1079,เลอพร มหิพันธุ์
1836,1317,Thamrong Proongkiat
1837,40,fifi joo
1838,1318,Pilaipan Paleepat
1839,1319,Kim SP
1840,999,Golffy Lifestyle
1841,1320,Dhossbol Chiembatdhanakajohn
1842,425,Denjiro Roronoah
1843,306,Tanapat Leejinda
1844,1321,Rodlada Chuthamanee
1845,35,Phonanan Seeon
1846,1322,Rattanaphorn Sinphulphon
1847,122,Sunsun T
1848,1323,We Travel
1849,1324,Somju Proud
1850,1325,rasu peace
1851,307,Ponggun
1852,1140,Alex Black
1853,229,Dumrongruk Joyruksa
1854,1326,Petchy bear
1855,987,Supawadee S.
1856,528,Mewwy Naruedee
1857,372,Sally Sally Chanel
1858,1327,Wannasuk Supajampiya
1859,1328,นพรัตน์ ศรีดํา
1860,48,Nattha S.
1861,260,Pattarawalai Talungchit
1862,326,METHPIYA KEN
1863,124,possawee sillapun
1864,707,น้องแน็ก หวานน้อย
1865,223,Muat-On Arun
1866,94,pattariya kampipark
1867,96,Weerawat Sawangniwattana
1868,227,YO NG
1869,1329,Surasak Witoon
1870,1330,สุทธิเจตน์ หวังสิริเลิศกุล
1871,335,Sohot wara
1872,1331,sasikran Wn
1873,538,jaeo jung
1874,1332,kookkai Kk
1875,1333,Niphon Khananurak
1876,1334,วุฒิชัย แซ่หลิว
1877,1335,Suraparat Thonghin
1878,1336,Thammanun Changsisang
1879,1337,Kandhanai Manaskanokracht
1880,1017,Nakhorn Thongngam
1881,87,Parichat Kamutchat
1882,1338,ธีระพล คืนดี
1883,1339,dan gor
1884,886,Saiyai S.
1885,1340,Wirunda Laohathierprathan
1886,1341,Am
1887,1287,Eric Nattawut
1888,1342,Itsaranuwat Dungkeaw
1889,51,Supaporn Saimongkol
1890,1343,Topp Thii
1891,567,nutt bpsen
1892,1344,nics burapuk
1893,40,fifi joo
1894,1345,korakot dontrirak
1895,1346,Mint'Kingkarn Rongthong
1896,1347,ภาณุ จันปุ่ม
1897,1348,Phatompong Sukapirom
1898,1349,Khuanchat Wadlaiad
1899,1350,Thana T
1900,1351,Y. Teerapat
1901,1352,ทิพย์เกษร ศิริแพงพา
1902,1353,KUNLANID PHANKUM
1903,1354,Puribeth Chantarit
1904,1355,arjan uittenbogerd
1905,1356,kanjaboon boonyarux
1906,1357,Thisarin T (Dr.Blue)
1907,1253,Ketsinee T
1908,1358,Narit Wilamat
1909,1359,MaligG RattanakeN
1910,1360,ธนยศ รูปขจร
1911,1361,no name
1912,1362,สมศักดิ์ ไชยวานิช
1913,1307,chayut kunthonwarin
1914,188,เกียรติศักดิ์ เฟื่อง
1915,982,พชรกมล จันดารัตน์
1916,1363,som mousses
1917,1364,Happy channel
1918,283,S Wong
1919,274,Thanakorn Suksuan
1920,1365,MANUTSAWEE PODJANA
1921,270,Being Tien
1922,1089,lerka K
1923,1366,Kasidis Phuthanasaengthong
1924,1367,Sx SH
1925,1368,Jirayu Limjinda
1926,1369,nat arjhan
1927,48,Nattha S.
1928,1370,Mr.GRood
1929,528,Mewwy Naruedee
1930,1371,oh san
1931,355,Jitchanamont Ukkarajarunphon
1932,347,Patchy Y.
1933,1372,Thawatchai King
1934,1373,Jintana Singsawat
1935,317,ka tay
1936,1374,Jan Jan
1937,64,Parng Parnisara
1938,488,มีจริง บูรณะ
1939,1060,สุมาลัย คมใส
1940,1375,Tompole Kurupan
1941,124,possawee sillapun
1942,948,Muyong Muham
1943,1376,Sirivit Taechajedcadarungsri
1944,363,Thirapol Khamnorit
1945,1377,SARAH Chanee Indie
1946,540,Ruby Lib
1947,102,Pratthana Wongsiri (Pooh)
1948,773,Moshe Zichmen
1949,1378,Adam
1950,775,Sutira Uaamnuichai
1951,621,TOE Gaja-svasti
1952,1379,Henry Ricardo Handoyo
1953,781,Saran Laoyookhong
1954,127,Amii iiwv
1955,1380,Ing Sirinun
1956,287,thitirat Nganchamung
1957,1381,p.i.m t.a
1958,1382,kook kanungnit
1959,1383,andew ch
1960,86,รังสรรค์ ทับอุไร
1961,979,MEMINDMINT
1962,1384,Noie Luoi
1963,1385,สุบัน Buoon
1964,1386,สุธิดา พัชราภรณ์
1965,431,Punnada A
1966,509,Sarawut Petch-in
1967,1387,สุกัญญา พุฒพวง
1968,1388,Dalan Mitrmart
1969,1389,bachum cat
1970,1390,Sakrin Eakphan
1971,538,jaeo jung
1972,155,Onizuka TheGTO
1973,199,P. J.
1974,856,Waraporn Tharawadee
1975,1391,napichamai Chaiyajareanchai
1976,1392,Poy Poy
1977,832,ภุชงค์ บุญชอบ1_20
1978,513,Hikiko public Levend
1979,298,Warich Nathtigoon
1980,1393,Yukimura Noriya
1981,1394,tookta kritsana
1982,1395,Peeramon Kit
1983,577,Academic Proficiency
1984,864,Touchchai tc
1985,1396,Yossaphon P.
1986,1397,Tintinn p
1987,1398,Schneizer Sos
1988,1399,Nuttapon Hongsirichai
1989,686,Maymay 77
1990,1400,Somzaa Babie
1991,1401,Mook Tuangrat
1992,855,Natee M
1993,1130,Liew
1994,1402,chayanan kaewkan
1995,46,Siriwattana Kerdklang
1996,1403,Aey Tippawan
1997,1404,Bodin Skulkiat
1998,1330,สุทธิเจตน์ หวังสิริเลิศกุล
1999,1405,Koda Dakota
2000,107,virun navatidpanit
2001,1406,tae true
2002,1407,Auttasit Suphanpitak
2003,739,Robin Sandee
2004,1408,PuayPuay Ka
2005,336,Apple kokkhangpuay
2006,259,Jirapat W.
2007,124,possawee sillapun
2008,1409,ชญตว์ หลวงพรหม
2009,1410,rachenthorn sonpieboonsin (รัก)
2010,1411,Peeraphat Kittisuwat
2011,58,UKhandsome SoSmart
2012,1412,chaichana chaiyara
2013,1413,Zine Suesat
2014,1414,Eakkamol Lertchunhakiat
2015,1415,Kitikorn Lai
2016,1416,นวพล ธงทอง
2017,1417,Decha Pongpetch
2018,1418,Hlin Lee
2019,1419,tatam Soul
2020,1420,Orapun Boonpong
2021,1421,Kanchanapach Techamahatthanakun
2022,1422,Bongkoch Judjang
2023,1423,Yudhakorn Apinan
2024,1424,อาทิตยา พงษ์โสภา
2025,1425,Supit Lunpong
2026,1426,Touchcop Touche
2027,1427,Nuntinee Csc
2028,1428,Puchong Hirunmat
2029,1429,Rutaiwan Nuamphan
2030,429,kritsdc
2031,1430,Oukrit T.
2032,1431,Benz Gtr
2033,1432,วิชชุดา สุนทรา
2034,1433,Bee BeYourCyber
2035,538,jaeo jung
2036,1434,Λöм66
2037,1435,Cj Pai
2038,1436,softy wilsan
2039,1437,ปรัชญา บุญยุบล
2040,1438,น้อง ปัญปัญ
2041,1439,Thanawatn Swasdisee
2042,1440,วาสนา นําประเสริฐชัย7
2043,1441,Gift
2044,1442,I-HeRo Gobga
2045,1443,jack sodsri
2046,1444,Nawat Oulansakoonchai
2047,284,Suparat Laipradidtakorn
2048,153,ครูเจนสอนว่ายน้ํา อุบลราชธานี
2049,875,Palm Metallic
2050,1445,ชฎาพร ศรีนนท์เมือง
2051,1446,วีรยุทธ ศรีพันธ์
2052,1447,Pisit Veseswongsa
2053,373,Rathaphon Tatong
2054,1448,รู้อะไร ไม่สู้รู้งี้
2055,1449,Dhulachat Mana.
2056,1450,cici loveyoyo
2057,1451,S C
2058,1452,Warawut Boontang
2059,1453,jaturongdream gmail.com
2060,1454,ชัยยุทธ ตั้งตระกูล
2061,1182,Chatwit Puapermpoonsiri
2062,1455,poom Thanee
2063,222,Noppon Yacht
2064,1456,วุฒิศาล หล่อเกษมศานต์
2065,1457,wannawit rongruang
2066,1458,Opats
2067,1459,Pai Boriwat
2068,55,Pook lalintip
2069,1460,Guide let's go
2070,1461,GREGORY EGAN
2071,1462,Anti Genagentum
2072,1463,Wanthida 'Mim' Saiphim
2073,611,MISTER WEIBEL
2074,1464,Kevalin Saksiamkul
2075,1465,Sophie Gouhot
2076,1466,p
2077,113,Bankk 789
2078,111,Taron Eric
2079,1467,Sureerat Sukraksa
2080,1468,Chutiwan Tantiyamas
2081,106,Jenny mananya
2082,205,Yingluck Thongpenyai
2083,1469,Lotos Li
2084,1470,Marc Roger Albert
2085,1471,Phao Manakasettarn
2086,622,Chonpisit Monthonn
2087,1472,Paul Phapornchai
2088,1473,章詠乾
2089,1474,David Roberts
2090,1475,Norarith Somsiri
2091,1476,Topp Chutitadakul
2092,1477,John H
2093,1478,Joy Joy
2094,1479,Pimprapai Jh
2095,1480,ADDHAYA M
2096,391,Zach Andress
2097,372,Sally Sally Chanel
2098,1481,Dew Sattawat
2099,1482,Joshua Naidu
2100,1483,Kitty
2101,1484,masrine
2102,96,Weerawat Sawangniwattana
2103,1485,Tanupat Boonchalermvichien
2104,1486,SUMMA Tee
2105,1487,RULESDARK THEZERO
2106,1488,dlwlrma LONDON
2107,64,Parng Parnisara
2108,127,Amii iiwv
2109,1489,Poowadech Chaiyarak
2110,1490,Tan Weiliang
2111,1198,วิถีอิสาน คนบ้านนอก
2112,1307,chayut kunthonwarin
2113,414,imniroka
2114,1491,Stephen & Holly Corbett
2115,1492,Shalini Sekhar
2116,1493,ZyFeR Refyz
2117,1494,David Kolodziej
2118,1495,Shusaku Ueda
2119,939,นิรันรัตน์ อุลัยพงษ์
2120,1496,Chaloemsuk Inthongsoon
2121,1161,แหวน ดินโพน
2122,1497,Yu Veeravong
2123,506,Jasmine Janthawatsiri
2124,1498,Kae Katie
2125,1499,mike tanasan
2126,1500,Sasanan Thawornphorm
2127,1501,tun sueb
2128,286,ธิดาพร เฮเลน
2129,1502,อุมาพร บัวลอย
2130,755,Surabordin Saowasutsiri
2131,84,ทศพร พัวเพิ่มพูลศิริ
2132,1503,aumtipanan
2133,1504,Nirut Thuk
2134,491,somsak sak
2135,1505,D0593 ส.ต.อ.รณฤทธิ์ ประสิทธิ์นฤทธิ์
2136,1506,piyaphorn T
2137,1507,ไพจิต ศิลารักษ์
2138,1508,Cha Art
2139,1509,Rapeephan Maude
2140,1510,Akaradesh Chootrakool
2141,1377,SARAH Chanee Indie
2142,1511,Jenwit Tonprom
2143,1512,Patvet Missflorist
2144,1117,สุภัทรา ผลสุข
2145,1513,Suthawat Chaiwattanapan
2146,1514,Nantana Thongsripetch
2147,1515,บวร ชัยวณิชยา
2148,1516,Parit
2149,1380,Ing Sirinun
2150,258,Gigs Thanapat P.
2151,174,Hh 55
2152,1517,Napat Roungkitwanit
2153,1081,anusorn kheankham
2154,1518,charlie changz
2155,1519,Por C. Chamloetwat
2156,1520,Sirisak Soti
2157,1521,Pangies J.
2158,1096,adisak james
2159,412,Promrekha Charoenmitr
2160,1522,RakStudio CoffeeBar & Design
2161,164,NAUGHTY BOY TH
2162,1523,chanchai sooksay
2163,1524,Surachai Kuasirikul
2164,1525,อุบล เอ็มอาร์ไอ
2165,1526,chitchanok fangthong
2166,1527,Lertburut Umsuphan
2167,1528,Mathit Sp
2168,1529,กิตติพงศ์ ศรีวงษ์
2169,1530,Onlakanya Pansuan (Khao)
2170,1531,Natta Sakolsatayadorn
2171,1532,Mackey SAR
2172,1533,Bestz Maru
2173,658,nanthapong bunpong
2174,1534,Austin Powys
2175,1535,T. Infinity
2176,1536,Wiengchan Tansakul
2177,1537,chatchai seeda
2178,153,ครูเจนสอนว่ายน้ํา อุบลราชธานี
2179,1538,Apinya Jarukkamoon
2180,1539,Marianne Bratland
2181,1540,Somsat@windowslive.com 5240029586
2182,629,Angelo Mikhail Yap
2183,1541,Ivan BUDNYK
2184,1542,ชลัมพล สายยนต์
2185,1543,Sakunnee Siriprasert
2186,1544,Sawarot Pakkanunsuppawong
2187,1545,Mook Lee
2188,1546,Dennis Baka
2189,1547,ชฎาพร หอมชาติ
2190,1548,One1 Sapaikongtuae
2191,652,mooton Nuchit
2192,1549,Pathompong Yaprohm
2193,1550,Earthdy Olive
2194,1551,SoNe BEEM
2195,1552,Sarattha Kanchanapreechakorn
2196,1079,เลอพร มหิพันธุ์
2197,1553,Som mor 'Sk'
2198,1554,nantapop ar
2199,655,นัทพัดด
2200,1555,arThur chriStmas
2201,1556,AVIAT 3 THAILAND
2202,1064,NEW_ PP
2203,1557,Kamol Limavararat
2204,1558,ชลธารา รักษา
2205,129,bunjong ch
2206,1384,Noie Luoi
2207,1559,Kaipotch Worathanakul
2208,1560,Sunny Top sale.
2209,1561,Uthit Songtho
2210,1337,Kandhanai Manaskanokracht
2211,1562,Sawaros Fasaii
2212,651,Natchari Chirabunnarinya
2213,1563,Benjamin Jayson
2214,1564,Thinnkorn Magdee
2215,1565,Paul 1412
2216,87,Parichat Kamutchat
2217,1566,Narong G
2218,1567,Akkarawat ratjiranon
2219,1568,Ingrid Metzger
2220,1569,wittawin chantapoh
2221,411,สุกัญญา ภูจีระ
2222,1570,Golffy chotirot
2223,1571,Tanapol Boriboon
2224,1572,มณฑ์ปราชญ์ หาญผดุงกิจ
2225,478,sarana boonlak
2226,1573,Ann Van Limbergen
2227,1574,รัตติกาล ศุภสุข
2228,1575,B Wisoot (BumbleBee)
2229,1576,Ancient Wolfmon
2230,1577,pawarisa Sudpha
2231,1578,Sombat Soros
2232,634,นักรบ ชายเเดนใต้
2233,128,A T
2234,1579,Pongpon R.
2235,1580,ᔕ νιяāкōяη
2236,1581,Thanapong Prathumchat
2237,820,Picha Mahakittikun
2238,567,nutt bpsen
2239,1582,Anon Chantanan
2240,1583,Thip tng
2241,1584,Kn T
2242,1585,เที่ยวกันใหม่ Peemai
2269,1586,KS Bun
2270,1587,Solo Niyai
2271,1588,Bhattarachaiyakorn Songwut
2272,1589,ธิติพันธ์ เจริญชัย
2273,1590,Nongnooch R.
2274,1591,Kamphong Thongkamwan
2275,276,Prat Mingkhwan
2276,111,Taron Eric
2277,1592,Emmanuel Randoux
2278,1593,TaNaRuj
2279,1594,phakawat “poom” harrasarn
2280,1595,Suradech Sodcheun
2281,1496,Chaloemsuk Inthongsoon
2282,1596,Narawich Idea
2283,629,Angelo Mikhail Yap
2284,1597,อนพัช Yibyok
2285,1598,Lalita Inthamart
2286,1599,Rungnapa Silarak
2287,1600,Sirikanya Molanil
2288,1601,Katang Mobile
2289,1602,mm mean
2290,290,Patcharin Jongjai
2291,1603,HaNa InLove
2292,1604,สุรวศกร บุญเจริญ
2293,1605,Denpichit Taenthong
2294,79,มังกร ศรคำ
2295,968,Kuna Pun
2296,46,Siriwattana Kerdklang
2297,1606,ฺBas
2298,1607,เมตตา บัวสด
2299,1608,Nana Emperorz
2300,1609,สุระสิทธิ์ พรหมศิริ
2301,1050,วันสบายๆ สไตล์ Yingz ying
2302,1610,นิภาพร aa.aom21
2303,1611,Boonsuk Yingkiattaweesuk
2304,1612,ชัญญา เสมอเหมือน
2305,1613,watinee lim
2306,1614,Thedsak Jun
2307,1615,SIRIPHORN JANG
2308,1616,Rachada Rojanavas
2309,719,porramate
2310,1617,Pitipong K
2311,1618,เธียรชัย ห้องแซง
2312,1619,Klang Kaewmongkol
2313,1620,DadGrean Woy
2314,1621,indy intira
2315,317,ka tay
2316,1622,Chanintorn Wachasitisil
2317,1546,Dennis Baka
2318,1623,รื้อคัน รื้อรอก
2319,363,Thirapol Khamnorit
2320,123,Phuripob Srima
2321,1624,โชติช่วง ทีอุทิศ
2322,1625,Pitsanu Sukboon
2323,87,Parichat Kamutchat
2324,1626,Pom Julganit
2325,1627,จีระนัน พัฒนพันธ์
2326,519,Siam Tourism
2327,1628,Pasathorn Yodtaweepornanan
2328,1629,mcmxcvxvii Tobecontinued
2329,1630,chumpol p
2330,1631,อารยา เจนการ
2331,1632,panu moonsri
2332,1633,CITY 2520
2333,1634,Sudarat Sangkarak
2334,1635,Aswin Sagiam
2335,1583,Thip tng
2336,1544,Sawarot Pakkanunsuppawong
2337,1636,Boonlert Lertsidhimongkol
2338,1637,john johnson
2339,1638,นฤดล วงศ์พุทธะ
2340,1639,Baby pat
2341,1640,Banchong Lekcharoenkun
2342,1641,วรัญญาภรณ์ ธงศรี
2343,1642,ภัทชรพร วามะเกตุ
2344,1643,Jessadaphan P
2345,1644,Manitchaya K
2346,1645,Wimonporn Chomgratok
2347,1646,Chairat Mooksri
2348,1647,Jaturong Boonruang
2349,1648,ฝังเข็ม อุบล
2350,1649,W J
2351,1650,Pat Rimphadee
2352,1651,Paweena KH
2353,1652,poat Volkpassat
2354,1234,นิรันดร์
2355,1653,พรภพ เสาวภาคย์กุล
2356,1375,Tompole Kurupan
2357,1654,Narong Voravud
2358,1655,Puddharak Sai-Singha
2359,1656,narathip dachachaiyakul
2360,1657,Pimthong Boonkua
2361,1658,CHIRAT KEN
2362,590,athipat sahapachuda
2363,1659,ชาญเดช เผือกยิ้ม
2364,1660,yoky yok
2365,1661,Riya Jz-kwansuriya
2366,1662,preaw Patsaraporn
2367,1663,Akaradeach Bukkonprasert
2368,1664,Thanun Sornkaew
2369,1665,POTOTAE PLANTAE
2370,1666,Aun Santi
2371,1667,Jaroonwat Dejsanga
2372,1668,The Asterisk Ease Up By Style
2373,95,Allen Richard Yeager
2374,1669,ตาเป็ด ชีวิตมนุษย์ตา
2375,882,ภัทรพงษ์ บุญรัตนาคม
2376,1670,Teerasak Komkla
2377,271,นราธิป สาครวงศ์วัฒนา
2378,1671,หนึ่ง โกศล
2379,1672,Pimjai Morada
2380,1673,Theerasak Treesak
2381,1674,เกษมศักดิ์ แก่นจันทร์
2382,1675,rutda sijun
2383,900,Jaya Mee
2384,1676,Yui K
2385,1677,Trip and Nature
2386,1466,p
2387,1678,Mana Ladtha
2388,1679,Kimberly Lemmens
2389,1680,Julien.B
2390,1681,POJ CK
2391,1682,Tony Cogan
2392,1486,SUMMA Tee
2393,205,Yingluck Thongpenyai
2394,1683,pattanun khusaksrisakul
2395,1684,Thanabhat Yankrohyothin
2396,1685,Scott Fraser
2397,1686,ธยศ เมธีธนกุล
2398,1687,Katina Grigoraskos
2399,1688,Stanley Tan
2400,1689,Chanakarl Tinsulanonda
2401,1690,แมว เป๋าตุง (Gigi Gam)
2402,1691,TOBIAS Tang
2403,372,Sally Sally Chanel
2404,1692,Sirin Ruamkornburee
2405,1693,Bank Egg
2406,1694,Terry Waters
2407,1444,Nawat Oulansakoonchai
2408,1695,lokis sang
2409,1696,Noi SNJ.
2410,1697,David Trebilcock
2411,1698,Wannipa Tianet
2412,1699,蔡賢德Karanpon
2413,580,Alek Espresso
2414,1700,Apeng Apeng
2415,1701,Chutikan
2416,1702,Natthasith Kaewseetong
2417,1703,รัตนภรณ์ ชนะวงศ์
2418,1704,Atchara Set
2419,1705,Kittisak Chatbualuang
2420,129,bunjong ch
2421,1115,สิทธิพงษ์ ถาวรนิธิเดช
2422,1706,Parichart Suwansantawee
2423,1707,เนย & ปอนด์ channal
2424,1708,nithat klaipan
2425,1709,จิรนันท์ สุทธิวงศ์
2426,1710,Chatiwat Piyarom
2427,1711,SURAWOOT PIRABUN
2428,1712,Sasitorn Viriyaphon
2429,1713,Chayyanat Mongkolsawas
2430,1714,Chanon Rattanamethawong
2431,1715,PAT WANnn
2432,1716,If Bahri
2433,1094,teerapab kong
2434,1717,Kanokrat Chockkerd
2435,718,วีระพงษ์ อัศฤกษ์
2436,1718,นันทิชา นพคุณ
2437,1719,sedtapong nakmethee
2438,1720,ศศิฐิวัฒน์ ศิริวงศ์ ศิริหวรพชรสกุล
2439,1721,Matthieu Tonnard
2440,1722,Pornphan Ariyakawee
2441,1723,การะเกตุ กําลังดี
2442,1724,kanjana kongkhiao
2443,638,Nantapak Oonthaisong
2444,1565,Paul 1412
2445,1725,Nonglak Changchoo
2446,1726,code 37
2447,1727,RFL channel iDx2
2448,1728,Suraphong Kamchan
2449,1729,จีรพัส กุลวัฒนพันธ์
2450,414,imniroka
2451,1730,Kamol Chuengsatiansup (IG)
2452,1731,E T
2453,199,P. J.
2454,201,Pat Sena
2455,1732,Supamass O.
2456,1733,วิทวัส อมรประสิทธิกุล
2457,1734,Piyawadeeahiphpuorasek@gmail.com 23102528
2458,1735,Vapronจูน Pronนน
2459,1736,Winbank X
2460,1737,Cyi Nao
2461,1738,Galaxy White
2462,1739,Teerasak Suriyaprasiti
2463,489,Nannaphat chantharakan
2464,1740,วิทยา โทพิลา
2465,1741,Yuhana Kankan
2466,1742,วุฒิพงษ์ จันทร์หา
2467,1743,Narut W.
2468,1744,Sornrak Wongsaken
2469,1745,Jeeppiiz Farewell
2470,1746,จักรกฤษณ์ คงแก้ว
2471,796,Chaowanan Suppasri
2472,1747,Ruthainat Namsong
2473,1748,Batoey 0090
2474,1749,Nune Jira
2475,1750,Ratty Cuteys
2476,608,ภาคภูมิ เกษมสุข
2477,1751,Nopphadon Duangban
2478,1752,Se Su
2479,1753,Pingping Singer
2480,1754,Rakthai Rakthai
2481,1755,Surachai Aiumsupucgul
2482,1756,Kanokluck Choorat
2483,1757,ChanaChai Sukpradit
2484,1758,Seas Love
2485,1759,ผู้ใช้ Google
2486,1760,Pipat K
2487,1761,Kelvin Goh
2488,674,Pongpichet Ninjan
2489,1762,Arttachai R
2490,1763,S. Treephop
2491,866,Om Uro
2492,1764,Katainoi Buangam
2493,658,nanthapong bunpong
2494,1765,ปิติพนธ์ ไฉยากุล
2495,1766,pond wisut
2496,1767,sermsak sukkasem
2497,1768,Aomsin
2498,1769,Panupong Pumpana
2499,153,ครูเจนสอนว่ายน้ํา อุบลราชธานี
2500,1770,siriwan ungkawanich
2501,952,Ramez Tira
2502,48,Nattha S.
2503,124,possawee sillapun
2504,36,Chavakorn Laophetsakunchai
2505,40,fifi joo
2506,262,Kessy Ivan
2507,1771,Pracha Porkaew
2508,1772,Phatthadon Jedsadarom
2509,1773,Jaonay Anupong
2510,1774,Katty Han
2511,1775,K Tee
2512,94,pattariya kampipark
2513,164,NAUGHTY BOY TH
2514,1134,Rinrada Chokprasombud
2515,1776,ubon kts
2516,283,S Wong
2517,1777,Pornchita Khewkhun
2518,1778,Leif Nivebro
2519,301,Patravadi Hamthaisong (Baifern)
2520,1779,นัยชนก ศรีโวหะ
2521,138,Surasit Online
2522,1780,Earn Joongy
2523,1781,SUPAWADEE MANOKHAN
2524,355,Jitchanamont Ukkarajarunphon
2525,1782,Dedi Walandow TV
2526,151,Pudis Yonjorhor
2527,293,ฉัตรชัย แก้วคําปอด
2528,1783,วิทยา พานิชกุล
2529,298,Warich Nathtigoon
2530,384,Chutinunta Mee
2531,1784,Piyachat Rungcharoenruayying
2532,1785,PR l
2533,1786,Piyawat Sakunborrirak
2534,48,Nattha S.
2535,1125,Wannisa Aupparee
2536,1787,Unchisa Praerangsri
2537,1788,Suchada Rungkijvarasathien
2538,36,Chavakorn Laophetsakunchai
2539,110,IamMink Aksarachaipruk
2540,78,ภัทรกุล เอกรักษา
2541,429,kritsdc
2542,649,Pawinee Jaisin
2543,46,Siriwattana Kerdklang
2544,1789,นพนัย หอมเย็น
2545,1790,Mai K
2546,1791,Mhumeen
2547,124,possawee sillapun
2548,745,WISAN PIRIYAKITPAIBOON
2549,952,Ramez Tira
2550,1690,แมว เป๋าตุง (Gigi Gam)
2551,335,Sohot wara
2552,1792,Mint Wang
2553,1793,Khunakorn Thanatee
2554,1794,กริ๊งกริ๊ง Jingle
2555,1795,Sureerat Kanjanakunti
2556,1796,มะลิวัลย์ ลาดโพธิ์
2557,1797,วรวุฒิ แซ่ไล่
2558,606,ฤทัยกานต์ สารภาพ
2559,1798,Vanvaree Wongphom
2560,205,Yingluck Thongpenyai
2561,102,Pratthana Wongsiri (Pooh)
2562,274,Thanakorn Suksuan
2563,1451,S C
2564,1799,Arreewan Jantakat
2565,1800,chumphon jessadanapawong
2566,127,Amii iiwv
2567,1801,Sjy Com
2568,295,Golf Surasak
2569,1236,ไวไว อิอิ
2570,1802,Magner Gaming
2571,164,NAUGHTY BOY TH
2572,513,Hikiko public Levend
2573,1803,ชลิตตา พิลาดี
2574,1804,Sirikanda Khamhanr
2575,1805,Paphanaphat Chokthanasetkun
2576,1806,Aue Aueangkul
2577,1807,PW LA
2578,279,Jathuphol Saithip (GolfEpiiz)
2579,538,jaeo jung
2580,179,SRINAKORN TANGWAI
2581,1808,djtoNSak ดีเจต้นสัก
2582,280,Sarin S
2583,1809,Supachai Kunsing
2584,1810,Nongnapas Assawamasbunlue
2585,1811,YEAN Pechphuwasawat
2586,1812,ketsuda phanoi
2587,1813,321 321
2588,1814,Nenk Tana (nt)
2589,1815,กัณฐมณี เพ็งแจ่ม
2590,48,Nattha S.
2591,1816,KidsanaProm@hotmail.com Promchot
2592,232,Mike Nontharit Maniam
2593,1817,Peter Green
2594,1818,Ken Croxfrod
2595,1819,ประนอม สกุลเกสรีวรรณ
2596,442,Srithong Thabkerd
2597,1820,claude sangthean
2598,1821,Prateep Pong
2599,301,Patravadi Hamthaisong (Baifern)
2600,686,Maymay 77
2601,1822,Suparada P.
2602,526,Supadee Katwangkuang
2603,48,Nattha S.
2604,1823,WSN M.
2605,1824,ญดาฆฤณ
2606,44,Notty JK
2607,1825,Nanny Route
2608,110,IamMink Aksarachaipruk
2609,98,onkanya thani
2610,690,jarupa saengpao
2611,1826,todsapon dumthong
2612,65,Siriwan M.
2613,94,pattariya kampipark
2614,693,Songklod Chaleyboon
2615,952,Ramez Tira
2616,129,bunjong ch
2617,1827,Fabio Vindo
2618,42,FatAmmy' DN
2619,1009,Guide somying Channel
2620,124,possawee sillapun
2621,954,Sarit Sinhashthita
2622,1828,dhamarong jaidhama
2623,1829,Suparat Saengkham
2624,1830,Payom Bootchan
2625,40,fifi joo
2626,1831,Chatthawat Warnjai
2627,1832,Nisa Thanaattawut
2628,79,มังกร ศรคำ
2629,279,Jathuphol Saithip (GolfEpiiz)
2630,270,Being Tien
2631,1833,wattanachai malai
2632,1834,Athapol Kaewkul
2633,1835,Arthit Thonkaew
2634,169,Sukchai Wi
2635,884,นายชาญเดช เผือกยิ้ม
2636,1836,Ratchanon Chaichana
2637,128,A T
2638,234,KHONNAKHANG
2639,1388,Dalan Mitrmart
2640,538,jaeo jung
2641,1017,Nakhorn Thongngam
2642,348,MaRaEe Z
2643,80,Siri By bsn
2644,122,Sunsun T
2645,1837,Toto Prawanta
2646,400,Mama Brush
2647,1838,Craig Grigg
2648,1377,SARAH Chanee Indie
2649,943,Pichapong Teerawajee
2650,1839,ผดุงเดช สารรัตน์
2651,1840,Supakorn Boonsing
2652,229,Dumrongruk Joyruksa
2653,655,นัทพัดด
2654,1841,Hunter_Moriarty Prabchandee
2655,1842,samachcha lotangchanintra
2656,1544,Sawarot Pakkanunsuppawong
2657,1843,Panuwut Porntrakulsak
2658,1844,paaom 's
2659,1845,กนกกาญจน์ ศรีแก้ว
2660,338,Sakdipong Chaichan
2661,840,Andrew Park
2662,88,เบิ้ม BMWMCTH
2663,1846,Sanpolpai Khaoprasert
2664,179,SRINAKORN TANGWAI
2665,1847,JOSTORY
2666,1848,Mcw
2667,1849,Wilawan Jantakot
2668,1850,Nack Prathip
2669,839,atis hk
2670,295,Golf Surasak
2671,274,Thanakorn Suksuan
2672,1851,Apelle Failautusi
2673,335,Sohot wara
2674,123,Phuripob Srima
2675,1444,Nawat Oulansakoonchai
2676,562,wirunrat pangchat
2677,1852,Akr13oTH
2678,1853,ณัฏฐกิตติ์ ไชยวัฒน์
2679,1854,Bhisutsilpa Sindhu-ngam
2680,1855,Ronnakrit Konputon
2681,980,Wannasiri Kootha
2682,145,Pongsarin Kocharoen
2683,1856,pongpol hongwilai
2684,1304,ปฏิพล ทรงอาจ
2685,1857,Naruebet Janhorm
2686,833,ไชยพนิตนันท์ ไกรวิเศษ
2687,1858,Sarawut Singkammung
2688,1859,เจนนิส
2689,1860,Thitiphon Unchai (Fai)
2690,1861,นินจา ส้มจุก
2691,1862,Per cap
2692,1863,PadTai Chanel
2693,487,p H
2694,1864,Jetnipat Tiantananon
2695,459,Aphiwat Kimhantamal
2696,1523,chanchai sooksay
2697,663,g1itchpunk
2698,151,Pudis Yonjorhor
2735,1865,Pon ChaseTheBest
2736,960,Pharuehus Sinngam
2737,1866,มดเอ็กซ์ กล้วยไม้
2738,38,Oaddybeing B
2739,526,Supadee Katwangkuang
2740,1867,TILLY LUCIANO
2741,1868,Aegjunk Sailorsunx
2742,844,ศิวาภรณ์ ถุระพัฒน์
2743,1869,ช่างศร LittleHamjun
2744,1870,suttichai pojananuphap
2745,1871,Nattakid Yuburee (KoonKill TV)
2746,1872,J Aiemcharoenjit
2747,80,Siri By bsn
2748,1873,Peary Pig
2749,110,IamMink Aksarachaipruk
2750,1874,เจนจิรา ภู่วนิช
2751,40,fifi joo
2752,1875,นัจนันท์ อุนาริเณย์
2753,47,Mayu _
2754,1876,Nat paporn
2755,1877,Sirikorn Rotjanawutti
2756,1878,Thorn Phan
2757,1130,Liew
2758,215,Pitbull Review
2759,1879,นางสาวอัจฉราวรรณ กันยามา เลขที่ 29
2760,835,Supansa Tiamtud
2761,1880,kinx T
2762,1881,Aree Wantakal
2763,1882,Muscle Mint
2764,1883,Sudarat Khumpradit
2765,1154,ปวิชญา อวยพร
2766,1884,อิ่มอมร ลารัตน์
2767,1885,kasaixxx86
2768,1253,Ketsinee T
2769,1886,pornpun tee-ngamm
2770,124,possawee sillapun
2771,1887,Wassana Saisombat
2772,85,Charin Saipatchara
2773,1888,BigBenBang VVIP (bigbenbang)
2774,1889,เสือ ขู่คําราม
2775,1890,xxx yyy
2776,153,ครูเจนสอนว่ายน้ํา อุบลราชธานี
2777,1891,thanet yansongwarachai
2778,993,M U
2779,940,Haru Haruharu
2780,1892,Ella Tenold
2781,102,Pratthana Wongsiri (Pooh)
2782,1893,Raene Bell
2783,132,Fernando Betzel
2784,1894,David Gladkow_Foster
2785,1895,Triumph :D:D:D:D:D
2786,1896,Marvin Bol
2787,1897,Tanakorn khamjan
2788,129,bunjong ch
2789,1898,Worachit S.
2790,1899,Khunchat Gangayan
2791,1900,Xusmi
2792,1901,W. Termwattanapong
2793,1902,Tasha Yoga Studio By PT
2794,1353,KUNLANID PHANKUM
2795,164,NAUGHTY BOY TH
2796,1903,gippy dirty
2797,1904,Tawee Sujamnong ({Tawee-Nato})
2798,1905,สถิตย์ สร้อยทอง
2799,1906,nop iam
2800,1907,Akewit Sinkham
2801,1908,Armeiei 28
2802,1909,Badgeorge
2803,1910,chh gg
2804,1911,May p
2805,1912,Jhon Mark Papat-iw
2806,155,Onizuka TheGTO
2807,1390,Sakrin Eakphan
2808,1913,เบญจวรรณ จิโรจยนตรกิจ
2809,1914,Thatpicha Niyomkhun
2810,1915,กฤษณพล แสงสุวรรณ
2811,1916,Thanaphan Tesho
2812,1917,Chanon Naknawdee
2813,1918,Chayarop Sorataworn
2814,1919,IN mae
2815,1389,bachum cat
2816,579,Thanapat Hanjit
2817,1920,Phuwadit Jira-Arunlak
2818,1921,PickaOHM
2819,1922,Yegor
2820,1923,Theerawich
2821,1924,watjanapong chantarawong
2822,1925,Marisa pattamawongworachai
2823,1926,กาญจนา กองสินแก้ว
2824,1043,สน เจี๊ยะ
2825,1927,Wantiti Moonnam
2826,1928,Jinatta Sudsee
2827,1929,Sarun Jomsankhum
2828,1930,โฉมสิริการณ์ สุทธิธรรม
2829,1931,Chadaphon Srisuk
2830,987,Supawadee S.
2831,1932,Miin T
2832,959,Wee Wit
2833,1933,Duangjai Naewjampa
2834,1934,ธิดารัตน์ เยาวบุตร
2835,1868,Aegjunk Sailorsunx
2836,1935,V sak'e 'Cadanian
2837,1936,ชนัญธิดา ศุภสร
2838,1937,ป๊อป ธีรศักดิ์
2839,1938,Jirawat Ch
2840,1939,Dew Zarbar
2841,1940,Thongmuan Samthong
2842,1941,Theeraphat Kerdsinchai
2843,1942,Jib Naron
2844,1943,นวปรัชญ์
2845,261,คณาธิป ทองคำใส
2846,223,Muat-On Arun
2847,56,Thana Sup
2848,1371,oh san
2849,1944,Mypoppy Lover
2850,1945,nui k
2851,1946,janejira supoom
2852,304,Achawee Maneepong
2853,246,jamukung lukjung
2854,1947,WICHAI IN
2855,1948,วัฒนชัย อึ้งเจริญวัฒนา
2856,1949,ชัยนาม ห้อยระย้า
2857,1950,Chaiyong Asavacheewanthornkul
2858,880,Patihan Maliwan
2859,363,Thirapol Khamnorit
2860,1951,ชลวิทย์ ศุภกร
2861,1952,Chaiwat_jorjae najanaja
2862,1953,Fonnumb Channel
2863,614,Songpol Ongwattanakul
2864,1954,Luke Matteo
2865,1955,John & Pimpiyada (Mandos73)
2866,1956,Sharon Rachel
2867,1076,Greg Carter
2868,1957,Seeharat Meelapsom
2869,58,UKhandsome SoSmart
2870,1958,Nor Ochasanond
2871,1959,Nat S
2872,1960,wuttikorn kh.
2873,1961,PhoTo pHy
2874,1962,prasit pichai
2875,511,Not Me
2876,1963,T2U TV
2877,153,ครูเจนสอนว่ายน้ํา อุบลราชธานี
2878,1964,Rose Rot
2879,40,fifi joo
2880,647,Thanawoot Pakdeey
2881,1965,Pammy Dozen
2882,1966,Amatanobphawong Bunphatthawak
2883,543,S. (namsom)
2884,1808,djtoNSak ดีเจต้นสัก
2885,1967,AuI AyE Kanokkulchai
2886,129,bunjong ch
2887,1968,มนตกานต์ ไตรทิพย์
2888,1969,กินเที่ยว พาเพลิน byภากร
2889,1970,Siriemon W.
2890,1971,Sirin
2891,1972,สุเนตร แก้วอมตวงศ์
2892,1973,Manoiy Panyai
2893,188,เกียรติศักดิ์ เฟื่อง
2894,1974,Pongsathon Thammarote
2895,1975,Sangka Sutacha
2896,1976,Aphi ize (izefresh)
2897,232,Mike Nontharit Maniam
2898,1977,Peter Pakanun
2899,1978,Patcharin Donsopon
2900,550,Khanitin Seechai
2901,592,ลิตเติ้ล ฟลาวเวอร์
2902,1979,Football Station สถานีฟุตบอล
2903,1866,มดเอ็กซ์ กล้วยไม้
2904,1980,thirachat. v
2905,1981,Yingwi Chanel
2906,80,Siri By bsn
2907,298,Warich Nathtigoon
2908,1250,apichaya jumpavong
2909,1982,ชยุต พรมวิชัย
2910,1983,palmy caty
2911,1984,Nalee meesook
2912,1985,Up Basic
2913,1986,มนตรี ศรีสำราญ
2914,216,Notty PPremt
2915,1987,Thanatorn Yingyun
2916,1988,Sirin Nintrakarn
2917,236,Tom. PRANAI Weerayuth
2918,1989,Kritchai TNNTK
2919,1865,Pon ChaseTheBest
2920,1990,sider_girl Sider
2921,1413,Zine Suesat
2922,1991,Chatwin Suphan
2923,1992,รุ้งนภา ศรีเวชคําตา
2924,1993,Signfiles BukeVectorist
2925,1994,ชัยสุรีย์ ราชพลสิทธิ์
2926,1995,Aor Motocycle
2927,1996,Chareeporn Sangchan
2928,688,TOOMTAM CSK
2929,1997,Fun S
2930,1998,อำภา ภคพงศ์พันธุ์
2931,1055,น้องมีตัง แม่แอนนา
2932,1999,lisa bunyakiat
2933,227,YO NG
2934,2000,Supergus Momotakae
2935,2001,Teepakorn Yatikhunnon
2936,2002,inamhee
2937,2003,CCM Racing Channel
2938,2004,Naruemol Lee
2939,320,Hattakorn Samretdee
2940,2005,จับฉ่าย
2941,1690,แมว เป๋าตุง (Gigi Gam)
2942,2006,จุฑามณี 6
2943,2007,Saengchai Thitiolarn
2944,2008,Sunya Jettanasen
2945,2009,Bulahn rodsung
2946,2010,จีรภากรานต์ ปาละหล้า
2947,2011,BB KNG
2948,2012,OLive oil
2949,2013,Nilobol Chueamsanthia
2950,2014,ประพันธ์พงศ์ เบญจมุกดากุล
2951,2015,Anakin Skywalkers
2952,87,Parichat Kamutchat
2953,2016,กันติทัต ขันจันทา
2954,2017,จิรทีปต์ เชยกลิ่นพุฒ
2955,2018,Kannasung Janjamjang
2956,2019,Ubon dbd
2957,120,Taradol H.
2958,719,porramate
2959,2020,Ororor Ororor
2960,1057,Noynoi Thongchai
2961,2021,khimmx nxtsxrx
2962,2022,มนัสนันท์ ลิมปวิทยากุล
2963,2023,Teethat Thangpuri
2964,2024,Paul L
2965,2025,Charisa Areerom
2966,2026,กฤษฎา ฐิตสาร
2967,2027,KL SU
2968,1266,Molly Global
2969,2028,Arm Phaa-itdee
2970,2029,tonkorat
2971,2030,Pichate Soontrawong
2972,2031,Sis Kathy
2973,2032,Intu-on Konthong
2974,2033,Anunkiya Sareetnomkul
2975,2034,Chasuke
2976,372,Sally Sally Chanel
2977,626,JOB S
2978,2035,Sean Tillx
2979,51,Supaporn Saimongkol
2980,196,Thanet Boon
2981,1262,violet Naka
2982,2036,Sarat Watchie
2983,2037,Parichat Onsopha
2984,2038,Yuttanawee Koontasaeng
2985,2039,จันทร์จรีย์ ดอกบัว
2986,849,Suptawee Panumonwatee
2987,2040,Kenika Polburee
2988,207,Santipong Salakham
2989,45,Beggar Gang
2990,2041,Teerapol Chantveerawong
2991,1711,SURAWOOT PIRABUN
2992,695,Aoun Aoun
2993,590,athipat sahapachuda
2994,2042,pop pinkham
2995,762,Ninenanza Ben
2996,1336,Thammanun Changsisang
2997,2043,จิรพันธุ์ อินยาพงษ์
2998,2044,Lertekasit Lertekasit
2999,595,naichanok sathu
3000,2045,Manlanoo Manlanoo
3001,2046,pakin khanthee
3002,155,Onizuka TheGTO
3003,2047,อนุชา การินทร์
3004,2048,กฤษณะ สัจณกุล
3005,1828,dhamarong jaidhama
3006,2049,Sornsawan Aksornnarong
3007,2050,ทรงพล สารชัย
3008,1764,Katainoi Buangam
3009,2051,หทัยรัตน์ บุญรินทร์
3010,2052,cake&fund A
3011,2053,Cherdchai Bom
3012,1010,PK Phongphot
3013,2054,Viipaa Phetcha
3014,2055,tik chiro
3015,2056,Freedom Folk Belive
3016,94,pattariya kampipark
3017,2057,PONTHEE CHANEL
3018,218,COACH LEK ASUN
3019,901,Piyarerk Bunkoson
3020,1727,RFL channel iDx2
3021,1075,Nami Laipraseat
3022,1428,Puchong Hirunmat
3023,229,Dumrongruk Joyruksa
3024,2058,Somboon Sae
3025,1275,พรพระพาย ฐณิชย์ธิติกุล (PLA)
3026,2059,Warin Weerasai
3027,652,mooton Nuchit
3028,2060,เซอร์ออย เล่นแต่แครี่
3029,2061,MAGENTAA
3030,2062,Tassanai Thongsai
3031,98,onkanya thani
3032,1707,เนย & ปอนด์ channal
3033,2063,Ben Munsa
3034,2064,anuwatk keawson
3035,2065,ศรัณย์ ประมูลพงศ์
3036,2066,สายธาร มีสำโรง
3037,363,Thirapol Khamnorit
3038,2067,pui OSK
3039,2068,แอน พาราด็อกซ์
3040,2069,taem Orrwan
3041,403,ภควดี วิเศษกุล
3042,2070,laksamee leenawat
3043,95,Allen Richard Yeager
3044,1808,djtoNSak ดีเจต้นสัก
3045,2071,T rex
3046,2072,Doo Nakarintrakupt
3047,2073,PJ H3NGiiZ
3048,2074,Chotipat Woraphatsirikorn
3049,425,Denjiro Roronoah
3050,2075,ฅน ติด เที่ยว
3051,2076,สุภาภรณ์ ทาศรี
3052,2077,Winai Sawasdee
3053,2078,Phichet Musikapunt
3054,233,bankobelisks
3055,2079,cc cc
3056,2080,วิสุทธิศักดิ์ ทนโนนแดง
3057,2081,Pichaya Pongsaksin
3058,2082,ศิริราช พิมพบุตร
3059,2083,Yanisa Wongsin
3060,2084,Shai Nissan
3061,1466,p
3062,111,Taron Eric
3063,2085,Neil Turetsky
3064,2086,Jay
3065,2087,Bob Suwanna
3066,2088,B Inthavong
3067,2089,harit tawabutr
3068,940,Haru Haruharu
3069,118,Donald Pelletier
3070,2090,Samita “Fai” Boonchungsri
3071,2091,Thaileben Jürg
3072,453,Shota Lee
3073,2092,M. W.
3074,2093,Margarita P. Narenpithak
3075,2094,Chris Gunn
3076,2095,steve hannant
3077,128,A T
3078,619,Nothing In This World
3079,2096,Matthias Gapp
3080,2097,Briterben Thai
3081,102,Pratthana Wongsiri (Pooh)
3082,2098,mark antcliffe
3083,919,j pp
3084,276,Prat Mingkhwan
3085,2099,Takorn T.
3086,2100,teerapong sattaa
3087,2101,Siwach Saentaweesuk
3088,2102,Jedi EnterCyberNet
3089,2103,tham somphop
3090,2104,Andreas Repas
3091,259,Jirapat W.
3092,2105,Kris Brace (คริส)
3093,2106,gagandeep singh
3094,1020,Tony Andrew
3095,2107,Photo Man (Up to You)
3096,2108,กู๊ดคาร์ รถซิ่ง
3097,2109,Nonthaphat Dolchalermyuttana
3098,1337,Kandhanai Manaskanokracht
3099,64,Parng Parnisara
3100,144,ປາກເຊແດນງາມ Tubes
3101,156,Joe Salekt
3102,2110,TB Expert
3103,655,นัทพัดด
3104,1133,Frankie BKK
3105,2111,เกรียงไกร แสวงศรี
3106,2112,Gine MaeNaiWinery
3107,2113,Pimnara Pakati
3108,2114,Alberto Izard Aguilera
3109,2115,คัคนางค์ ศรีไพล
3110,2116,Jaturabhuj Busara
3111,2117,ellen jongjaroonkiat
3112,1977,Peter Pakanun
3113,2118,S K.M
3114,2119,Nuttapon Chottiyanont
3115,705,wong seree
3116,252,อิน ออน แชแนล
3117,2120,Roongrut Wipan
3118,338,Sakdipong Chaichan
3119,2121,Good Student's Channel
3120,1916,Thanaphan Tesho
3121,1145,ดนัย ชัยหม่องแก้ว
3122,2122,พีรวิชญ์ ศิริชัย
3123,2123,คนอ้วน อ้วน
3124,326,METHPIYA KEN
3125,472,Hi Sawasdee
3126,601,PE Kritsada
3127,2124,NooNucH :
3128,2125,หนึ่ง' ตี้
3129,2126,ธงชาติ ศรีสุนันนุต
3130,664,Nantida Promdaow
3131,1130,Liew
3132,2127,Narawut Wongsuwan
3133,868,สุธาสินี แก้วการ
3134,2128,nuinui Cho
3135,929,นายพีรกานต์ สุขสิงห์
3136,2129,Gundump Warunee
3137,2130,N N
3138,1566,Narong G
3139,2131,Chaiwiwat Lawyer
3140,2132,Bunjerdsoom Kunkang
3141,1916,Thanaphan Tesho
3142,2133,Chakat Chotnok
3143,96,Weerawat Sawangniwattana
3144,2134,surawit singruang
3145,2135,Thunsanawun kananam
3146,136,Tui Nui
3147,1115,สิทธิพงษ์ ถาวรนิธิเดช
3148,737,Cream Katoon
3149,574,อาทิตยา น่วมสกนธ์
3150,2136,Happy Life
3151,2137,Maj.Banlue Phudpror
3152,2138,Cheewa Cosmos
3153,647,Thanawoot Pakdeey
3154,2139,Bee BeB
3155,2140,Sattra Seanyos
3156,2141,Sonchai Chanluan
3157,428,Koby
3158,2142,เอชัย อาสาติ
3159,2143,RATTI “ต้อง” ROOPTHONG
3160,527,Sam Jongutsah
3161,2144,Herbert Klammer
3162,2145,jackkoo5309
3163,682,Thiraphong Laphon
3164,2146,TheAnnthiti
3165,2147,เจ้าชาย มอมแมม
3166,2148,อภิสิทธิ์ คำโสม
3167,2149,narem mooyong
3168,2150,ประทีป 144
3169,538,jaeo jung
3170,2151,Rushchanat Kitithanadechaphon
3171,2152,Paul Bartolo
3172,165,Jatuporn Phumlamjeak
3173,174,Hh 55
3174,2153,Tansilpakorn Poemsanam
3175,2154,อนันต์ชัย ประเสริฐศรี
3176,2155,a b
3177,2156,BUGALOWGAMER
3178,2157,woraphan wichaidit
3179,2158,Pakin Khantee
3180,1142,ธันยาพชร พิสุทธิ์
3181,2159,Sukullaya Panjad
3182,2160,Bank' Indy
3183,2161,เทพประสิทธิ์ พรมฤทธิ์
3184,1081,anusorn kheankham
3185,2162,อภิกษณาน์ พรมกลัดพะเนาว์
3186,903,Songrit Tanchatchawan
3187,1307,chayut kunthonwarin
3188,2163,Mind mint
3189,335,Sohot wara
3190,1442,I-HeRo Gobga
3191,402,พราวนภัส วิริยวุฒิไกร
3192,1799,Arreewan Jantakat
3193,2164,Han Kazum
3194,2165,Peet Wazan
3195,2166,พงศ์บดินทร์ ยิ่งยง
3196,2167,Nattapon Panyasiriroj
3197,2168,วศิน ไวยสุศรี
3198,232,Mike Nontharit Maniam
3199,1375,Tompole Kurupan
3200,2169,พัฒนพงศ์ สุพะนานัย
3201,2170,ลลิตา นัยนิตย์
3202,511,Not Me
3203,2171,Santichai Ritthaprom
3204,2172,Ditsanan
3205,2173,Narong Boonmee
3206,362,PocKz9 JMK
3207,2174,ปุ๊ channel
3208,123,Phuripob Srima
3209,2175,ภาณุวัฒน์ ถนอมพันธ์
3210,2176,settaporn suranapapan
3211,2177,Stok Story
3212,2178,Poomjit Sirawongprasert
3213,2179,BongNa Wong
3214,907,Kryzl Makiling
3215,2180,Warawut Poklarp
3216,579,Thanapat Hanjit
3217,2181,ทรงยศ ดวงแสง
3218,2182,Bang Bang
3219,954,Sarit Sinhashthita
3220,1218,Kanyarat P.
3221,1920,Phuwadit Jira-Arunlak
3222,2183,ปีศาจ แมว
3223,2184,lerpop pornchai
3224,2185,เอกราช เสนารา
3225,2186,Kritdanu Kaosaipan
3226,2187,Natsara Pongsaksin
3227,2188,TheZestus
3228,1150,Jib Jiu
3229,246,jamukung lukjung
3230,799,Rojanin Piriyachatchai
3231,1298,Sirikamol Rai
3232,2189,monpat suksomklin
3233,1358,Narit Wilamat
3234,1292,พรพระพาย ฐณิชย์ธิติกุล
3235,2190,Søren Halle
3236,2191,Khunmeaw Chanel
3237,2192,Ryan Gehrmann
3238,2193,Sonram Panhom
3239,2194,Kowit Boonchom
3240,2195,YoungGwan Oh
3241,2196,Jiew Kotchaphan
3242,2197,Chutipapa Pisurat
3243,2198,katgolds30
3244,1092,จําเป็นต้องเสือก เพราะความถูกต้อง
3245,2199,Reenrss
3246,2200,Puttikorn Buppada (pingpong)
3247,1851,Apelle Failautusi
3248,2201,B.
3249,2202,tassin sri
3250,2203,01 มติมนต์ จํานงค์
3251,796,Chaowanan Suppasri
3252,1320,Dhossbol Chiembatdhanakajohn
3253,2204,ดนุพล ศรีแก้ว
3254,2205,ประยุทธิ์
3255,2206,Suttipong Suebsuan
3256,1767,sermsak sukkasem
3257,52,วรวัชร วงศ์สุธา
3258,2207,Jiraporn Srisuwan
3259,139,นพรัตน์ กาญจนะวรรธนะ
3260,2208,Formula Baz
3261,2209,BOSS BOSS
3262,872,waratchaya harasan
3263,523,เปรม ปัท
3264,1759,ผู้ใช้ Google
3265,1574,รัตติกาล ศุภสุข
3266,788,อัครพล บูรณะพิมพ์
3267,2210,สุกฤษฏิ์ วรกุลปีติ
3268,2211,จิรพงษ์ ธัญญากิจพิทยา
3269,2212,Anuwat Pinyachat
3270,1549,Pathompong Yaprohm
3271,2213,นายมงคล หวลหอม
3272,2214,Sakul Jits
3273,2215,ธนารัตน์ ถิระปรารมณ์
3274,667,Sittipong Thongnaka
3275,1201,Ploy Nitaz
3276,2216,JKSY
3277,2217,kowit titi
3278,164,NAUGHTY BOY TH
3279,2218,Arthidz Bungong
3280,2219,ศุภชัย อ้วนท้วน
3281,2220,Thitikan Chaiya
3282,2221,Taratip Waengwan
3283,2222,Fdcvh Vfggh
3284,2223,Natdanai Thannipat
3285,1079,เลอพร มหิพันธุ์
3286,2224,พัชรพล สุนทรวิเศษ
3287,2225,Puwadon Sakjiranukul
3288,1755,Surachai Aiumsupucgul
3289,2226,suriyun kunruang
3290,2227,PIYAWADI SUTTHIKORN
3291,231,สุธิดา สุโคตร
3292,2228,MM NNN
3293,2229,Kanyanat Prachumwong
3294,2230,somphong chanawong
3295,2231,Kanok Sungsri
3296,2232,Vakin Musicsavard
3297,839,atis hk
3298,2233,วายุ ศรีสภัตริกานนท์
3299,2234,honda audi
3300,129,bunjong ch
3301,2235,Supagkanan Tala
3302,2236,Chatchapon Taveewat
3303,2237,ยุทธพงศ์ แสวงวงค์
3304,2238,Beer Chpn
3305,301,Patravadi Hamthaisong (Baifern)
3306,843,Nong_ d[0_*]b
3307,2239,ThanYa Thara
3308,2240,Richter B
3309,2002,inamhee
3310,2241,Ployyy Sri
3311,2242,Van Ji
3312,2243,PajaraAke THIPmata
3313,2244,Little Boomie
3314,2245,เนตรน้ำทิพย์ พึ่งพานิช
3315,2246,ThanYa ThaRa
3316,309,Jongjit JTop
3317,2247,กาญจนา บุญเสริม
3318,2248,J.Maneeporn S
3319,2249,ภีม ภานุวัฒน์
3320,2250,สนธยา นำภา
3321,562,wirunrat pangchat
3322,2251,ประโคนชัย พัฒนบูรณ์
3323,2252,เอกอนันท์ จันทป
3324,2253,mena Seliman
3325,2254,KITTIYAPORN SOMKAEW
3326,124,possawee sillapun
3327,2255,ดนัย ทาระธรรม
3328,2256,Tunti OldSchooL
3329,2257,Pim Ya
3330,200,ศิวนาถ จินารัตน์
3331,2258,Yamato shiniji
3332,169,Sukchai Wi
3333,1966,Amatanobphawong Bunphatthawak
3334,2259,Kitty Sherloco
3335,355,Jitchanamont Ukkarajarunphon
3336,2260,Wasit Sengliam
3337,1127,Kathy Os
3338,1040,jirapong yumthaisong
3339,2261,Nattakarn Barnyen
3340,2262,Sunisara
3341,295,Golf Surasak
3342,151,Pudis Yonjorhor
3343,2263,Adisorn Kumphu
3344,234,KHONNAKHANG
3345,179,SRINAKORN TANGWAI
3346,2264,Nueng KJ
3347,2265,ม่าม่า & The Gang
3348,2266,อาจณรงค์ กลมเกลียว
3349,2267,은하
3350,2268,ประจงจิต จันทป
3351,1831,Chatthawat Warnjai
3352,2269,TAE.SIRIWAT
